query_id,doc_id,avg_top_3_chunk_sim_scores,avg_top_3_chunk_text_scores,bm25(title),bm25(chunks),max_chunk_sim_scores,max_chunk_text_scores,modified_freshness,label
q01,nimbus-cert-soc2-2025,0.329673,17.765215,8.502906,18.203791,0.329673,17.765215,0.770464,1
q01,nimbus-cert-soc2-2023,0.370620,15.788923,6.884717,16.164496,0.370620,15.788923,0.119768,1
q01,nimbus-cert-soc1,0.346910,16.052839,2.277319,16.392002,0.346910,16.052839,0.636310,0
q01,nimbus-overview-c,0.210396,9.946649,0.000000,10.210241,0.210396,9.946649,0.391728,0
q01,nimbus-overview-b,0.198080,9.286920,0.000000,9.568893,0.198080,9.286920,0.634484,0
q01,nimbus-assurance,0.237635,3.723057,0.000000,5.310094,0.309638,6.866359,0.727571,0
q01,nimbus-overview-a,0.194945,5.278048,0.000000,5.443660,0.194945,5.278048,0.564213,0
q01,nimbus-vendor-risk,0.232424,4.033587,0.000000,4.156679,0.232424,4.033587,0.692892,0
q01,nimbus-subcontractors,0.103899,3.890973,0.000000,3.967774,0.103899,3.890973,0.630834,0
q01,acme-dc-2025,0.163910,2.810651,0.000000,2.896327,0.163910,2.810651,0.706581,0
q01,granite-dd,0.153264,2.578249,0.000000,2.647671,0.153264,2.578249,0.614407,0
q01,nimbus-sla,0.161811,2.458611,0.000000,2.522070,0.161811,2.458611,0.646348,0
q01,nimbus-subprocessors,0.176302,2.265438,0.000000,2.331300,0.176302,2.265438,0.756775,0
q01,acme-irap,0.245918,2.240358,0.000000,2.272860,0.245918,2.240358,0.740348,0
q01,nimbus-integrations,0.222259,2.125163,0.000000,2.169454,0.222259,2.125163,0.617145,0
q01,nimbus-enc-in-transit,0.199231,1.751917,0.000000,1.796664,0.199231,1.751917,0.711144,0
q01,acme-sla,0.197514,1.625661,0.000000,1.663596,0.197514,1.625661,0.575164,0
q01,granite-sla,0.182561,1.586842,0.000000,1.625782,0.182561,1.586842,0.681028,0
q01,nimbus-insurance-2026,0.131741,0.478111,1.960605,0.488573,0.131741,0.478111,0.849862,0
q01,nimbus-infosec-policy,0.195257,0.802526,0.000000,1.119478,0.205617,1.530797,0.607106,0
q01,nimbus-dr,0.170489,0.665570,0.000000,0.673570,0.170489,0.665570,0.730309,0
q01,nimbus-hr-onboarding,0.190917,0.584089,0.000000,0.593547,0.190917,0.584089,0.676465,0
q01,nimbus-backup,0.157935,0.586287,0.000000,0.595999,0.157935,0.586287,0.665513,0
q01,nimbus-retention,0.154277,0.567584,0.000000,0.578008,0.154277,0.567584,0.665513,0
q01,nimbus-hr-offboarding,0.175974,0.521359,0.000000,0.532598,0.175974,0.521359,0.676465,0
q01,nimbus-partners,0.120350,0.507503,0.000000,0.517795,0.120350,0.507503,0.541397,0
q01,nimbus-insurance-2023,0.122691,0.503571,0.000000,0.512010,0.122691,0.503571,0.000000,0
q01,acme-rfi,0.167732,0.476303,0.000000,0.486934,0.167732,0.476303,0.626271,0
q01,granite-overview,0.080162,0.517397,0.000000,0.526887,0.080162,0.517397,0.526796,0
q01,nimbus-breach-history,0.186768,0.436556,0.000000,0.448036,0.186768,0.436556,0.759513,0
q01,nimbus-ai-governance,0.132118,0.457993,0.000000,0.468846,0.132118,0.457993,0.789629,0
q01,acme-overview,0.116101,0.444232,0.000000,0.454669,0.116101,0.444232,0.544135,0
q01,acme-iso27001,0.236005,0.261532,0.000000,0.264099,0.236005,0.261532,0.533184,0
q01,acme-dc-2022,0.152557,0.289881,0.000000,0.295861,0.152557,0.289881,0.000000,0
q01,nimbus-access-control,0.166353,0.253951,0.000000,0.260880,0.166353,0.253951,0.572426,0
q01,nimbus-breach-policy,0.149879,0.263203,0.000000,0.266068,0.149879,0.263203,0.495767,0
q01,nimbus-overview-d,0.111732,0.264439,0.000000,0.271138,0.111732,0.264439,0.185477,0
q01,nimbus-model-training,0.124951,0.245347,0.000000,0.248714,0.124951,0.245347,0.789629,0
q01,nimbus-enc-at-rest,0.120439,0.140524,0.000000,0.145069,0.120439,0.140524,0.711144,0
q02,acme-irap,0.370956,20.099039,7.142263,20.625485,0.370956,20.099039,0.740348,1
q02,nimbus-enc-at-rest,0.161962,6.678001,0.000000,6.867742,0.161962,6.678001,0.711144,0
q02,nimbus-sla,0.171947,3.890675,1.962999,3.997976,0.171947,3.890675,0.646348,0
q02,nimbus-overview-b,0.201341,4.774088,0.000000,4.918091,0.201341,4.774088,0.634484,0
q02,nimbus-breach-history,0.172417,4.752445,0.000000,4.896754,0.172417,4.752445,0.759513,0
q02,nimbus-overview-a,0.185483,4.633018,0.000000,4.778390,0.185483,4.633018,0.564213,0
q02,acme-dc-2025,0.150028,4.538356,0.000000,4.624841,0.150028,4.538356,0.706581,0
q02,acme-sla,0.138352,3.899202,0.000000,3.995875,0.138352,3.899202,0.575164,0
q02,nimbus-integrations,0.157279,3.433902,0.000000,3.537549,0.157279,3.433902,0.617145,0
q02,nimbus-infosec-policy,0.204329,2.145491,0.000000,2.842904,0.215144,3.766656,0.607106,0
q02,nimbus-ai-governance,0.207310,3.148199,0.000000,3.255455,0.207310,3.148199,0.789629,0
q02,acme-iso27001,0.187198,2.735501,0.000000,2.778926,0.187198,2.735501,0.533184,0
q02,acme-overview,0.109810,2.092346,0.000000,2.141505,0.109810,2.092346,0.544135,0
q02,nimbus-cert-soc2-2023,0.195885,2.029202,0.000000,2.080597,0.195885,2.029202,0.119768,0
q02,nimbus-assurance,0.214630,1.223292,0.000000,1.745813,0.235803,2.273348,0.727571,0
q02,acme-dc-2022,0.148202,2.031268,0.000000,2.073171,0.148202,2.031268,0.000000,0
q02,nimbus-partners,0.172416,1.975928,0.000000,2.027949,0.172416,1.975928,0.541397,0
q02,acme-rfi,0.231436,1.857994,0.000000,1.912520,0.231436,1.857994,0.626271,0
q02,nimbus-dr,0.199070,1.865743,0.000000,1.920162,0.199070,1.865743,0.730309,0
q02,nimbus-cert-soc2-2025,0.182083,1.864618,0.000000,1.918634,0.182083,1.864618,0.770464,0
q02,nimbus-breach-policy,0.210514,1.786004,0.000000,1.840890,0.210514,1.786004,0.495767,0
q02,nimbus-insurance-2026,0.177142,1.681781,0.000000,1.723340,0.177142,1.681781,0.849862,0
q02,nimbus-subprocessors,0.208385,1.554551,0.000000,1.598679,0.208385,1.554551,0.756775,0
q02,nimbus-model-training,0.102805,1.521626,0.000000,1.566031,0.102805,1.521626,0.789629,0
q02,nimbus-vendor-risk,0.226959,0.226748,0.000000,0.230595,0.226959,0.226748,0.692892,0
q02,nimbus-hr-onboarding,0.176677,0.240504,0.000000,0.243761,0.176677,0.240504,0.676465,0
q02,granite-sla,0.134016,0.241726,0.000000,0.244926,0.134016,0.241726,0.681028,0
q02,granite-dd,0.135281,0.231718,0.000000,0.235362,0.135281,0.231718,0.614407,0
q02,nimbus-enc-in-transit,0.177128,0.208549,0.000000,0.212542,0.177128,0.208549,0.711144,0
q02,granite-overview,0.095251,0.247382,0.000000,0.250311,0.095251,0.247382,0.526796,0
q02,nimbus-subcontractors,0.154075,0.208549,0.000000,0.212542,0.154075,0.208549,0.630834,0
q02,nimbus-hr-offboarding,0.171043,0.199372,0.000000,0.203670,0.171043,0.199372,0.676465,0
q02,nimbus-backup,0.137571,0.206512,0.000000,0.210576,0.137571,0.206512,0.665513,0
q02,nimbus-insurance-2023,0.135981,0.192570,0.000000,0.195797,0.135981,0.192570,0.000000,0
q02,nimbus-retention,0.097876,0.198747,0.000000,0.203065,0.097876,0.198747,0.665513,0
q02,nimbus-cert-soc1,0.213156,0.000000,0.000000,0.000000,0.213156,0.000000,0.636310,0
q02,nimbus-overview-c,0.189870,0.000000,0.000000,0.000000,0.189870,0.000000,0.391728,0
q02,nimbus-access-control,0.175656,0.000000,0.000000,0.000000,0.175656,0.000000,0.572426,0
q02,nimbus-overview-d,0.127710,0.000000,0.000000,0.000000,0.127710,0.000000,0.185477,0
q03,nimbus-access-control,0.284986,5.528445,1.422276,5.597868,0.284986,5.528445,0.572426,1
q03,nimbus-overview-b,0.188423,4.755454,1.313181,4.881842,0.188423,4.755454,0.634484,0
q03,nimbus-hr-onboarding,0.262767,4.711485,0.000000,4.793378,0.262767,4.711485,0.676465,0
q03,nimbus-hr-offboarding,0.325638,4.490869,0.000000,4.589097,0.325638,4.490869,0.676465,1
q03,granite-dd,0.158639,4.482441,0.000000,4.613082,0.158639,4.482441,0.614407,0
q03,acme-overview,0.143383,3.072098,1.894425,3.144275,0.143383,3.072098,0.544135,0
q03,nimbus-breach-history,0.187182,3.837847,0.000000,3.933548,0.187182,3.837847,0.759513,0
q03,nimbus-integrations,0.217685,3.671782,0.000000,3.783104,0.217685,3.671782,0.617145,0
q03,acme-dc-2025,0.200966,3.437563,0.000000,3.544743,0.200966,3.437563,0.706581,0
q03,nimbus-vendor-risk,0.197038,3.202700,0.000000,3.302520,0.197038,3.202700,0.692892,0
q03,nimbus-infosec-policy,0.233891,2.071177,0.000000,3.058680,0.247736,2.769219,0.607106,0
q03,nimbus-overview-a,0.189554,2.081338,1.313181,2.127619,0.189554,2.081338,0.564213,0
q03,nimbus-overview-c,0.196335,1.888254,1.313181,1.935794,0.196335,1.888254,0.391728,0
q03,acme-irap,0.186989,2.275392,0.000000,2.323571,0.186989,2.275392,0.740348,0
q03,nimbus-cert-soc2-2023,0.194382,2.137388,0.000000,2.188113,0.194382,2.137388,0.119768,0
q03,nimbus-retention,0.280745,2.009810,0.000000,2.067730,0.280745,2.009810,0.665513,0
q03,nimbus-subprocessors,0.244992,1.860707,0.000000,1.915639,0.244992,1.860707,0.756775,0
q03,acme-iso27001,0.174105,1.887930,0.000000,1.935276,0.174105,1.887930,0.533184,0
q03,nimbus-dr,0.164340,0.617538,0.000000,0.626555,0.164340,0.617538,0.730309,0
q03,nimbus-cert-soc1,0.191934,0.602861,0.000000,0.611887,0.191934,0.602861,0.636310,0
q03,nimbus-assurance,0.198310,0.492533,0.000000,0.575695,0.200667,0.579756,0.727571,0
q03,nimbus-partners,0.188326,0.561985,0.000000,0.571810,0.188326,0.561985,0.541397,0
q03,acme-dc-2022,0.188146,0.521250,0.000000,0.530284,0.188146,0.521250,0.000000,0
q03,nimbus-backup,0.144387,0.531021,0.000000,0.541069,0.144387,0.531021,0.665513,0
q03,nimbus-enc-in-transit,0.179287,0.490248,0.000000,0.501060,0.179287,0.490248,0.711144,0
q03,nimbus-overview-d,0.185627,0.482299,0.000000,0.492639,0.185627,0.482299,0.185477,0
q03,nimbus-sla,0.139217,0.490248,0.000000,0.501060,0.139217,0.490248,0.646348,0
q03,nimbus-subcontractors,0.202100,0.456356,0.000000,0.467395,0.202100,0.456356,0.630834,0
q03,acme-rfi,0.103459,0.476303,0.000000,0.486934,0.103459,0.476303,0.626271,0
q03,nimbus-ai-governance,0.140155,0.444244,0.000000,0.455499,0.140155,0.444244,0.789629,0
q03,granite-overview,0.152982,0.437207,0.000000,0.447830,0.152982,0.437207,0.526796,0
q03,nimbus-cert-soc2-2025,0.169496,0.424853,0.000000,0.436556,0.169496,0.424853,0.770464,0
q03,nimbus-insurance-2023,0.096330,0.311002,0.000000,0.316213,0.096330,0.311002,0.000000,0
q03,nimbus-breach-policy,0.167408,0.253509,0.000000,0.256704,0.167408,0.253509,0.495767,0
q03,nimbus-model-training,0.203715,0.226748,0.000000,0.230595,0.203715,0.226748,0.789629,0
q03,nimbus-insurance-2026,0.112478,0.261737,0.000000,0.268499,0.112478,0.261737,0.849862,0
q03,nimbus-enc-at-rest,0.187418,0.196287,0.000000,0.200678,0.187418,0.196287,0.711144,0
q03,acme-sla,0.169912,0.162065,0.000000,0.166252,0.169912,0.162065,0.575164,0
q03,granite-sla,0.168088,0.159619,0.000000,0.163860,0.168088,0.159619,0.681028,0
q04,nimbus-subcontractors,0.170224,8.060447,0.000000,8.241482,0.170224,8.060447,0.630834,0
q04,nimbus-breach-policy,0.152514,4.783405,0.000000,4.919540,0.152514,4.783405,0.495767,0
q04,nimbus-overview-c,0.163946,4.554401,0.000000,4.662389,0.163946,4.554401,0.391728,0
q04,nimbus-infosec-policy,0.167096,2.287560,0.000000,3.680767,0.205755,4.974566,0.607106,0
q04,nimbus-cert-soc1,0.152246,4.056239,0.000000,4.128685,0.152246,4.056239,0.636310,0
q04,acme-dc-2025,0.092721,2.577507,0.000000,2.655913,0.092721,2.577507,0.706581,0
q04,nimbus-subprocessors,0.158005,1.582598,0.000000,1.618087,0.158005,1.582598,0.756775,1
q04,nimbus-insurance-2026,0.081124,1.620558,0.000000,1.652479,0.081124,1.620558,0.849862,0
q04,nimbus-enc-in-transit,0.153728,1.553942,0.000000,1.587786,0.153728,1.553942,0.711144,0
q04,nimbus-retention,0.141986,1.526465,0.000000,1.563194,0.141986,1.526465,0.665513,0
q04,nimbus-model-training,0.121877,1.505295,0.000000,1.540450,0.121877,1.505295,0.789629,0
q04,nimbus-hr-offboarding,0.128383,1.477273,0.000000,1.512995,0.128383,1.477273,0.676465,0
q04,acme-iso27001,0.124217,1.477873,0.000000,1.510944,0.124217,1.477873,0.533184,0
q04,nimbus-integrations,0.160586,1.296341,0.000000,1.333341,0.160586,1.296341,0.617145,0
q04,nimbus-vendor-risk,0.212535,1.269867,0.000000,1.307254,0.212535,1.269867,0.692892,1
q04,nimbus-access-control,0.124619,1.300854,0.000000,1.331486,0.124619,1.300854,0.572426,0
q04,nimbus-sla,0.126111,1.249856,0.000000,1.272670,0.126111,1.249856,0.646348,0
q04,nimbus-assurance,0.152620,0.881312,0.000000,1.070973,0.176112,1.185369,0.727571,0
q04,nimbus-insurance-2023,0.124170,1.127904,0.000000,1.146804,0.124170,1.127904,0.000000,0
q04,granite-overview,0.106238,1.059450,0.000000,1.082111,0.106238,1.059450,0.526796,0
q04,nimbus-hr-onboarding,0.164115,1.008063,0.000000,1.032082,0.164115,1.008063,0.676465,0
q04,granite-dd,0.129538,0.818678,0.000000,0.831552,0.129538,0.818678,0.614407,0
q04,nimbus-backup,0.165206,0.729623,0.000000,0.743983,0.165206,0.729623,0.665513,0
q04,nimbus-cert-soc2-2023,0.148133,0.661578,0.000000,0.675022,0.148133,0.661578,0.119768,0
q04,acme-irap,0.156620,0.657082,0.000000,0.670365,0.156620,0.657082,0.740348,0
q04,acme-sla,0.090186,0.670449,0.000000,0.683707,0.090186,0.670449,0.575164,0
q04,nimbus-cert-soc2-2025,0.166732,0.624811,0.000000,0.638961,0.166732,0.624811,0.770464,0
q04,nimbus-dr,0.111263,0.609159,0.000000,0.623901,0.111263,0.609159,0.730309,0
q04,nimbus-partners,0.141412,0.566798,0.000000,0.581720,0.141412,0.566798,0.541397,0
q04,nimbus-overview-a,0.164949,0.507729,0.000000,0.523660,0.164949,0.507729,0.564213,0
q04,nimbus-enc-at-rest,0.109448,0.496481,0.000000,0.512540,0.109448,0.496481,0.711144,0
q04,acme-dc-2022,0.116364,0.454668,0.000000,0.464047,0.116364,0.454668,0.000000,0
q04,granite-sla,0.136847,0.241726,0.000000,0.244926,0.136847,0.241726,0.681028,0
q04,nimbus-ai-governance,0.110746,0.249520,0.000000,0.252902,0.110746,0.249520,0.789629,0
q04,acme-rfi,0.089609,0.246300,0.000000,0.249623,0.089609,0.246300,0.626271,0
q04,nimbus-overview-b,0.166660,0.201910,0.000000,0.206128,0.166660,0.201910,0.634484,0
q04,nimbus-breach-history,0.135462,0.201270,0.000000,0.205508,0.135462,0.201270,0.759513,0
q04,acme-overview,0.090193,0.169878,0.000000,0.173869,0.090193,0.169878,0.544135,0
q04,nimbus-overview-d,0.154128,0.000000,0.000000,0.000000,0.154128,0.000000,0.185477,0
q05,nimbus-integrations,0.301563,7.395867,0.669864,7.614829,0.301563,7.395867,0.617145,1
q05,nimbus-hr-offboarding,0.232169,5.840837,0.000000,6.001653,0.232169,5.840837,0.676465,0
q05,nimbus-cert-soc2-2023,0.161608,4.185629,0.000000,4.296865,0.161608,4.185629,0.119768,0
q05,acme-irap,0.192584,3.994891,0.000000,4.083448,0.192584,3.994891,0.740348,0
q05,nimbus-overview-a,0.179264,3.897733,0.000000,4.011818,0.179264,3.897733,0.564213,0
q05,nimbus-hr-onboarding,0.187637,3.860484,0.000000,3.961657,0.187637,3.860484,0.676465,0
q05,nimbus-enc-in-transit,0.218529,3.278461,0.445406,3.351549,0.218529,3.278461,0.711144,0
q05,nimbus-insurance-2023,0.072854,3.524650,0.000000,3.583711,0.072854,3.524650,0.000000,0
q05,nimbus-ai-governance,0.164652,3.424172,0.000000,3.528085,0.164652,3.424172,0.789629,0
q05,acme-rfi,0.167952,3.278472,0.000000,3.373165,0.167952,3.278472,0.626271,0
q05,nimbus-overview-c,0.166748,3.230771,0.000000,3.302368,0.166748,3.230771,0.391728,0
q05,nimbus-dr,0.119790,3.144703,0.000000,3.226327,0.119790,3.144703,0.730309,0
q05,nimbus-enc-at-rest,0.161406,2.879985,0.445406,2.957683,0.161406,2.879985,0.711144,0
q05,nimbus-model-training,0.215972,2.400100,1.242828,2.443166,0.215972,2.400100,0.789629,0
q05,nimbus-access-control,0.149222,3.048970,0.000000,3.093156,0.149222,3.048970,0.572426,0
q05,nimbus-overview-b,0.183415,3.010271,0.000000,3.087191,0.183415,3.010271,0.634484,0
q05,acme-dc-2022,0.180145,2.570262,0.534158,2.618051,0.180145,2.570262,0.000000,0
q05,nimbus-overview-d,0.129977,2.836363,0.000000,2.893447,0.129977,2.836363,0.185477,0
q05,nimbus-infosec-policy,0.194125,1.810713,0.000000,2.829141,0.231764,2.575641,0.607106,0
q05,nimbus-subcontractors,0.184489,2.059107,0.926918,2.115714,0.184489,2.059107,0.630834,0
q05,acme-iso27001,0.175015,2.401790,0.000000,2.458030,0.175015,2.401790,0.533184,0
q05,nimbus-retention,0.162787,2.391748,0.000000,2.454870,0.162787,2.391748,0.665513,0
q05,nimbus-partners,0.214310,2.340632,0.000000,2.402256,0.214310,2.340632,0.541397,0
q05,nimbus-cert-soc1,0.194136,2.317727,0.000000,2.379867,0.194136,2.317727,0.636310,0
q05,granite-dd,0.167403,2.284388,0.000000,2.345416,0.167403,2.284388,0.614407,0
q05,nimbus-subprocessors,0.239091,2.204558,0.000000,2.249451,0.239091,2.204558,0.756775,0
q05,nimbus-assurance,0.196594,1.628698,0.000000,1.976775,0.231789,2.169539,0.727571,0
q05,acme-overview,0.121902,1.936006,0.000000,1.981492,0.121902,1.936006,0.544135,0
q05,acme-sla,0.156311,1.843897,0.000000,1.887471,0.156311,1.843897,0.575164,0
q05,nimbus-breach-policy,0.141450,1.476659,0.411241,1.502006,0.141450,1.476659,0.495767,0
q05,nimbus-backup,0.155539,1.481346,0.000000,1.511527,0.155539,1.481346,0.665513,0
q05,nimbus-vendor-risk,0.193864,1.418418,0.000000,1.454624,0.193864,1.418418,0.692892,0
q05,granite-sla,0.139049,0.911651,0.736604,0.932651,0.139049,0.911651,0.681028,0
q05,acme-dc-2025,0.169201,0.954015,0.581174,0.968203,0.169201,0.954015,0.706581,0
q05,nimbus-sla,0.164679,1.112198,0.000000,1.132376,0.164679,1.112198,0.646348,0
q05,granite-overview,0.111015,0.949091,0.000000,0.969070,0.111015,0.949091,0.526796,0
q05,nimbus-breach-history,0.177611,0.813842,0.000000,0.830981,0.177611,0.813842,0.759513,0
q05,nimbus-cert-soc2-2025,0.149306,0.624811,0.000000,0.638961,0.149306,0.624811,0.770464,0
q05,nimbus-insurance-2026,0.085031,0.626899,0.000000,0.641204,0.085031,0.626899,0.849862,0
q06,nimbus-enc-at-rest,0.389232,7.841805,0.780771,8.068425,0.389232,7.841805,0.711144,1
q06,nimbus-enc-in-transit,0.292959,4.590054,0.445406,4.685540,0.292959,4.590054,0.711144,0
q06,nimbus-breach-policy,0.194029,4.268589,0.411241,4.389804,0.194029,4.268589,0.495767,0
q06,acme-dc-2025,0.179737,3.767358,0.581174,3.824550,0.179737,3.767358,0.706581,0
q06,nimbus-model-training,0.285446,2.755770,0.669527,2.824897,0.285446,2.755770,0.789629,0
q06,nimbus-integrations,0.136705,2.939028,0.000000,3.030663,0.136705,2.939028,0.617145,0
q06,nimbus-backup,0.216582,2.824401,0.000000,2.903436,0.216582,2.824401,0.665513,0
q06,nimbus-subprocessors,0.205138,2.726705,0.000000,2.796481,0.205138,2.726705,0.756775,0
q06,acme-sla,0.130966,2.591788,0.000000,2.658747,0.130966,2.591788,0.575164,0
q06,acme-irap,0.146595,2.489565,0.000000,2.560175,0.146595,2.489565,0.740348,0
q06,nimbus-infosec-policy,0.218171,1.764639,0.309641,2.221886,0.240134,2.056444,0.607106,0
q06,nimbus-ai-governance,0.162505,1.761536,0.000000,1.821545,0.162505,1.761536,0.789629,0
q06,nimbus-retention,0.255730,1.637238,0.000000,1.662111,0.255730,1.637238,0.665513,0
q06,acme-dc-2022,0.163269,1.405388,0.534158,1.429148,0.163269,1.405388,0.000000,0
q06,nimbus-sla,0.144210,1.635229,0.000000,1.681722,0.144210,1.635229,0.646348,0
q06,nimbus-insurance-2026,0.139400,1.465407,0.000000,1.503266,0.139400,1.465407,0.849862,0
q06,nimbus-hr-onboarding,0.206787,1.231518,0.000000,1.259583,0.206787,1.231518,0.676465,0
q06,nimbus-vendor-risk,0.214220,1.150677,0.000000,1.181718,0.214220,1.150677,0.692892,0
q06,nimbus-overview-b,0.178818,1.144524,0.000000,1.175036,0.178818,1.144524,0.634484,0
q06,nimbus-overview-a,0.168825,1.136424,0.000000,1.166552,0.168825,1.136424,0.564213,0
q06,nimbus-breach-history,0.250128,1.073804,0.000000,1.096418,0.250128,1.073804,0.759513,0
q06,nimbus-overview-c,0.172642,1.103819,0.000000,1.133413,0.172642,1.103819,0.391728,0
q06,nimbus-dr,0.163146,0.994283,0.000000,1.025676,0.163146,0.994283,0.730309,0
q06,nimbus-partners,0.170341,0.852304,0.000000,0.865328,0.170341,0.852304,0.541397,0
q06,nimbus-assurance,0.187609,0.862908,0.000000,0.696366,0.219221,0.862908,0.727571,0
q06,acme-overview,0.087396,0.749807,0.000000,0.764474,0.087396,0.749807,0.544135,0
q06,nimbus-cert-soc2-2025,0.130991,0.641447,0.000000,0.658911,0.130991,0.641447,0.770464,0
q06,nimbus-subcontractors,0.180561,0.599434,0.000000,0.616477,0.180561,0.599434,0.630834,0
q06,nimbus-cert-soc1,0.187843,0.552538,0.000000,0.559936,0.187843,0.552538,0.636310,0
q06,acme-rfi,0.137252,0.433451,0.000000,0.447221,0.137252,0.433451,0.626271,0
q06,nimbus-access-control,0.191052,0.342437,0.000000,0.348681,0.191052,0.342437,0.572426,0
q06,nimbus-hr-offboarding,0.162800,0.321987,0.000000,0.328928,0.162800,0.321987,0.676465,0
q06,granite-overview,0.049683,0.356747,0.000000,0.362426,0.049683,0.356747,0.526796,0
q06,acme-iso27001,0.090047,0.265812,0.000000,0.272478,0.090047,0.265812,0.533184,0
q06,granite-sla,0.089788,0.257785,0.000000,0.264634,0.089788,0.257785,0.681028,0
q06,granite-dd,0.106434,0.237468,0.000000,0.244679,0.106434,0.237468,0.614407,0
q06,nimbus-overview-d,0.193081,0.000000,0.000000,0.000000,0.193081,0.000000,0.185477,0
q06,nimbus-insurance-2023,0.148647,0.000000,0.000000,0.000000,0.148647,0.000000,0.000000,0
q06,nimbus-cert-soc2-2023,0.108378,0.000000,0.000000,0.000000,0.108378,0.000000,0.119768,0
q07,nimbus-retention,0.433972,14.567661,5.200833,14.941088,0.433972,14.567661,0.665513,1
q07,nimbus-breach-policy,0.215258,9.501436,0.422732,9.805331,0.215258,9.501436,0.495767,0
q07,nimbus-subcontractors,0.113103,6.988652,0.000000,7.145711,0.113103,6.988652,0.630834,0
q07,acme-dc-2025,0.152318,4.614269,0.592664,4.723472,0.152318,4.614269,0.706581,0
q07,nimbus-ai-governance,0.108472,4.603302,0.000000,4.759007,0.108472,4.603302,0.789629,0
q07,nimbus-cert-soc1,0.089990,4.561810,0.000000,4.633935,0.089990,4.561810,0.636310,0
q07,nimbus-access-control,0.142646,3.923266,0.012445,4.026856,0.142646,3.923266,0.572426,0
q07,nimbus-hr-offboarding,0.239993,3.680542,0.012445,3.783128,0.239993,3.680542,0.676465,0
q07,granite-sla,0.165903,2.875314,0.000000,2.948327,0.165903,2.875314,0.681028,0
q07,nimbus-infosec-policy,0.178220,2.521605,0.000000,3.053384,0.213829,2.715761,0.607106,0
q07,nimbus-insurance-2026,0.125522,2.632208,0.000000,2.697976,0.125522,2.632208,0.849862,0
q07,nimbus-enc-at-rest,0.214134,2.025259,0.445406,2.063866,0.214134,2.025259,0.711144,0
q07,nimbus-enc-in-transit,0.211707,1.954016,0.445406,1.991327,0.211707,1.954016,0.711144,0
q07,nimbus-model-training,0.223688,1.947747,0.381944,1.988825,0.223688,1.947747,0.789629,0
q07,nimbus-subprocessors,0.201912,1.976791,0.012445,2.016826,0.201912,1.976791,0.756775,0
q07,nimbus-overview-a,0.092892,1.864719,0.000000,1.903842,0.092892,1.864719,0.564213,0
q07,nimbus-overview-b,0.102523,1.691338,0.000000,1.733046,0.102523,1.691338,0.634484,0
q07,nimbus-overview-c,0.101418,1.592090,0.000000,1.626991,0.101418,1.592090,0.391728,0
q07,acme-irap,0.140772,1.566937,0.000000,1.607286,0.140772,1.566937,0.740348,0
q07,acme-rfi,0.073585,1.471346,0.000000,1.505590,0.073585,1.471346,0.626271,0
q07,nimbus-partners,0.094337,1.447024,0.012445,1.468867,0.094337,1.447024,0.541397,0
q07,nimbus-breach-history,0.172483,1.400132,0.000000,1.435025,0.172483,1.400132,0.759513,0
q07,nimbus-cert-soc2-2025,0.138254,1.373853,0.000000,1.400806,0.138254,1.373853,0.770464,0
q07,nimbus-assurance,0.178628,0.817344,0.012445,1.180241,0.194158,1.440975,0.727571,0
q07,acme-dc-2022,0.128467,1.009326,0.534158,1.024915,0.128467,1.009326,0.000000,0
q07,nimbus-backup,0.214911,1.141190,0.012445,1.169309,0.214911,1.141190,0.665513,0
q07,acme-iso27001,0.128590,1.189783,0.000000,1.215289,0.128590,1.189783,0.533184,0
q07,nimbus-hr-onboarding,0.135658,1.127975,0.011490,1.149827,0.135658,1.127975,0.676465,0
q07,nimbus-sla,0.128381,1.101702,0.000000,1.129427,0.128381,1.101702,0.646348,0
q07,nimbus-vendor-risk,0.171796,1.074831,0.000000,1.099604,0.171796,1.074831,0.692892,0
q07,acme-sla,0.165955,1.028696,0.000000,1.051209,0.165955,1.028696,0.575164,0
q07,nimbus-dr,0.164298,0.930127,0.011490,0.954838,0.164298,0.930127,0.730309,0
q07,granite-overview,0.069314,0.622913,0.000000,0.631820,0.069314,0.622913,0.526796,0
q07,acme-overview,0.102008,0.552910,0.000000,0.562625,0.102008,0.552910,0.544135,0
q07,nimbus-integrations,0.134509,0.485516,0.013572,0.496739,0.134509,0.485516,0.617145,0
q07,granite-dd,0.124255,0.491456,0.000000,0.502547,0.124255,0.491456,0.614407,0
q07,nimbus-cert-soc2-2023,0.145633,0.285088,0.000000,0.287920,0.145633,0.285088,0.119768,0
q07,nimbus-insurance-2023,0.102913,0.208946,0.000000,0.212447,0.102913,0.208946,0.000000,0
q07,nimbus-overview-d,0.110073,0.022194,0.000000,0.022415,0.110073,0.022194,0.185477,0
q08,nimbus-dr,0.355714,11.137806,12.067535,11.422977,0.355714,11.137806,0.730309,1
q08,nimbus-backup,0.221262,5.296991,0.012445,5.422391,0.221262,5.296991,0.665513,1
q08,acme-dc-2022,0.179717,5.317511,0.000000,5.427205,0.179717,5.317511,0.000000,0
q08,nimbus-integrations,0.172913,5.000668,0.013572,5.156087,0.172913,5.000668,0.617145,0
q08,nimbus-vendor-risk,0.131014,2.439575,0.000000,2.493583,0.131014,2.439575,0.692892,0
q08,nimbus-insurance-2026,0.134516,2.012944,0.000000,2.064604,0.134516,2.012944,0.849862,0
q08,nimbus-hr-onboarding,0.151349,1.959335,0.011490,2.012170,0.151349,1.959335,0.676465,0
q08,nimbus-assurance,0.179279,0.768636,0.012445,1.039529,0.207962,1.516794,0.727571,0
q08,nimbus-infosec-policy,0.173833,0.537967,0.000000,0.869797,0.191732,1.570472,0.607106,0
q08,nimbus-hr-offboarding,0.196642,0.016954,0.012445,0.017320,0.196642,0.016954,0.676465,0
q08,nimbus-subprocessors,0.182683,0.019657,0.012445,0.019969,0.182683,0.019657,0.756775,0
q08,acme-irap,0.186999,0.021275,0.000000,0.021542,0.186999,0.021275,0.740348,0
q08,nimbus-cert-soc2-2025,0.175606,0.022728,0.000000,0.022954,0.175606,0.022728,0.770464,0
q08,nimbus-breach-policy,0.159134,0.022382,0.011490,0.022626,0.159134,0.022382,0.495767,0
q08,acme-rfi,0.167440,0.020945,0.000000,0.021227,0.167440,0.020945,0.626271,0
q08,nimbus-cert-soc2-2023,0.166690,0.017911,0.000000,0.018244,0.166690,0.017911,0.119768,0
q08,acme-overview,0.152814,0.022519,0.000000,0.022722,0.152814,0.022519,0.544135,0
q08,acme-iso27001,0.147538,0.022240,0.000000,0.022458,0.147538,0.022240,0.533184,0
q08,nimbus-retention,0.155169,0.012165,0.009962,0.012550,0.155169,0.012165,0.665513,0
q08,nimbus-sla,0.146869,0.020146,0.000000,0.020437,0.146869,0.020146,0.646348,0
q08,acme-dc-2025,0.136578,0.019515,0.011490,0.019832,0.136578,0.019515,0.706581,0
q08,granite-sla,0.149421,0.018214,0.000000,0.018535,0.149421,0.018214,0.681028,0
q08,acme-sla,0.155969,0.013782,0.000000,0.014138,0.155969,0.013782,0.575164,0
q08,nimbus-insurance-2023,0.150842,0.016376,0.000000,0.016650,0.150842,0.016376,0.000000,0
q08,nimbus-overview-c,0.138105,0.021924,0.000000,0.022159,0.138105,0.021924,0.391728,0
q08,nimbus-model-training,0.141031,0.019282,0.000000,0.019609,0.141031,0.019282,0.789629,0
q08,nimbus-access-control,0.122465,0.021835,0.012445,0.022074,0.122465,0.021835,0.572426,0
q08,granite-dd,0.131968,0.022270,0.000000,0.022506,0.131968,0.022270,0.614407,0
q08,nimbus-overview-a,0.129472,0.023439,0.000000,0.023636,0.129472,0.023439,0.564213,0
q08,nimbus-enc-in-transit,0.134753,0.020146,0.000000,0.020437,0.134753,0.020146,0.711144,0
q08,nimbus-partners,0.118962,0.020608,0.012445,0.020878,0.118962,0.020608,0.541397,0
q08,nimbus-overview-b,0.124021,0.022233,0.000000,0.022471,0.124021,0.022233,0.634484,0
q08,nimbus-subcontractors,0.127452,0.020146,0.000000,0.020437,0.127452,0.020146,0.630834,0
q08,nimbus-breach-history,0.116007,0.019609,0.000000,0.019923,0.116007,0.019609,0.759513,0
q08,nimbus-ai-governance,0.102391,0.022734,0.000000,0.022969,0.102391,0.022734,0.789629,0
q08,granite-overview,0.104708,0.018784,0.000000,0.019083,0.104708,0.018784,0.526796,0
q08,nimbus-overview-d,0.094530,0.022194,0.000000,0.022415,0.094530,0.022194,0.185477,0
q08,nimbus-cert-soc1,0.129953,0.000000,0.000000,0.000000,0.129953,0.000000,0.636310,0
q08,nimbus-enc-at-rest,0.090843,0.016692,0.000000,0.017065,0.090843,0.016692,0.711144,0
q09,acme-sla,0.266775,11.252644,2.685746,11.487157,0.266775,11.252644,0.575164,0
q09,granite-sla,0.286320,10.582860,3.871270,10.834724,0.286320,10.582860,0.681028,1
q09,nimbus-sla,0.213684,10.216549,2.239499,10.477108,0.213684,10.216549,0.646348,0
q09,nimbus-subcontractors,0.137327,5.689201,1.312580,5.798037,0.137327,5.689201,0.630834,0
q09,nimbus-cert-soc1,0.133157,5.271792,0.000000,5.379758,0.133157,5.271792,0.636310,0
q09,granite-overview,0.141111,4.279554,0.000000,4.383383,0.141111,4.279554,0.526796,0
q09,nimbus-integrations,0.205970,2.910435,0.013572,3.000683,0.205970,2.910435,0.617145,0
q09,acme-iso27001,0.198183,2.705513,0.000000,2.773022,0.198183,2.705513,0.533184,0
q09,nimbus-cert-soc2-2025,0.188841,2.691170,0.000000,2.764298,0.188841,2.691170,0.770464,0
q09,nimbus-partners,0.086288,2.690500,0.012445,2.759161,0.086288,2.690500,0.541397,0
q09,nimbus-cert-soc2-2023,0.193326,2.639277,0.000000,2.709068,0.193326,2.639277,0.119768,0
q09,nimbus-enc-in-transit,0.194472,2.474992,0.000000,2.512863,0.194472,2.474992,0.711144,0
q09,acme-dc-2025,0.147660,2.397021,0.011490,2.471467,0.147660,2.397021,0.706581,0
q09,nimbus-overview-b,0.107756,2.408325,0.000000,2.481513,0.107756,2.408325,0.634484,0
q09,nimbus-overview-a,0.119230,2.366285,0.000000,2.439995,0.119230,2.366285,0.564213,0
q09,nimbus-infosec-policy,0.144518,1.493536,0.000000,2.305151,0.165121,2.369480,0.607106,0
q09,nimbus-assurance,0.156729,1.184409,0.012445,1.591291,0.178014,2.137656,0.727571,0
q09,nimbus-subprocessors,0.190640,1.643341,0.012445,1.691338,0.190640,1.643341,0.756775,0
q09,nimbus-hr-offboarding,0.166425,1.556666,0.012445,1.605344,0.166425,1.556666,0.676465,0
q09,nimbus-overview-c,0.120842,1.564730,0.000000,1.606329,0.120842,1.564730,0.391728,0
q09,nimbus-dr,0.158970,1.326383,0.011490,1.355196,0.158970,1.326383,0.730309,0
q09,acme-irap,0.171507,0.994577,0.000000,1.024199,0.171507,0.994577,0.740348,0
q09,nimbus-retention,0.119515,0.954736,0.009962,0.984881,0.119515,0.954736,0.665513,0
q09,nimbus-insurance-2026,0.124140,0.927836,0.000000,0.951461,0.124140,0.927836,0.849862,0
q09,acme-rfi,0.124546,0.267244,0.000000,0.270850,0.124546,0.267244,0.626271,0
q09,nimbus-model-training,0.161180,0.246030,0.000000,0.250204,0.161180,0.246030,0.789629,0
q09,nimbus-hr-onboarding,0.168818,0.230837,0.011490,0.235003,0.168818,0.230837,0.676465,0
q09,nimbus-breach-policy,0.075762,0.275891,0.011490,0.279330,0.075762,0.275891,0.495767,0
q09,acme-dc-2022,0.142108,0.246633,0.000000,0.250002,0.142108,0.246633,0.000000,0
q09,nimbus-ai-governance,0.109496,0.258505,0.000000,0.262525,0.109496,0.258505,0.789629,0
q09,nimbus-breach-history,0.088138,0.250204,0.000000,0.254209,0.088138,0.250204,0.759513,0
q09,nimbus-overview-d,0.064546,0.240055,0.000000,0.243916,0.064546,0.240055,0.185477,0
q09,nimbus-enc-at-rest,0.080468,0.212979,0.000000,0.217744,0.080468,0.212979,0.711144,0
q09,nimbus-access-control,0.117195,0.179079,0.012445,0.183609,0.117195,0.179079,0.572426,0
q09,granite-dd,0.138816,0.169308,0.000000,0.174010,0.138816,0.169308,0.614407,0
q09,nimbus-vendor-risk,0.114105,0.162013,0.000000,0.166838,0.114105,0.162013,0.692892,0
q09,nimbus-backup,0.077308,0.164107,0.012445,0.168882,0.077308,0.164107,0.665513,0
q09,acme-overview,0.135169,0.022519,0.000000,0.022722,0.135169,0.022519,0.544135,0
q09,nimbus-insurance-2023,0.107904,0.016376,0.000000,0.016650,0.107904,0.016376,0.000000,0
q10,acme-dc-2025,0.334235,7.102472,5.624435,7.273669,0.334235,7.102472,0.706581,1
q10,nimbus-enc-at-rest,0.264179,4.804292,3.189176,4.919655,0.264179,4.804292,0.711144,0
q10,acme-dc-2022,0.315523,2.886450,6.849167,2.932177,0.315523,2.886450,0.000000,0
q10,nimbus-model-training,0.214386,5.313483,1.201919,5.423615,0.214386,5.313483,0.789629,0
q10,nimbus-breach-policy,0.142432,4.859899,0.833973,4.975074,0.142432,4.859899,0.495767,0
q10,acme-sla,0.148837,4.907310,0.000000,5.034091,0.148837,4.907310,0.575164,0
q10,nimbus-retention,0.214319,4.464232,0.009962,4.567928,0.214319,4.464232,0.665513,0
q10,nimbus-integrations,0.152919,3.826131,0.013572,3.944929,0.152919,3.826131,0.617145,0
q10,acme-iso27001,0.177684,3.612916,0.000000,3.703181,0.177684,3.612916,0.533184,0
q10,acme-rfi,0.134084,3.404061,0.000000,3.511823,0.134084,3.404061,0.626271,0
q10,nimbus-subcontractors,0.163023,3.282763,0.161988,3.368589,0.163023,3.282763,0.630834,0
q10,nimbus-cert-soc1,0.114345,3.044216,0.000000,3.113580,0.114345,3.044216,0.636310,0
q10,nimbus-enc-in-transit,0.170291,2.426653,1.066257,2.483836,0.170291,2.426653,0.711144,0
q10,nimbus-infosec-policy,0.141326,1.976372,0.309641,2.959672,0.148704,2.688171,0.607106,0
q10,nimbus-hr-offboarding,0.115376,2.684165,0.012445,2.756386,0.115376,2.684165,0.676465,0
q10,nimbus-subprocessors,0.179335,2.583693,0.012445,2.642857,0.179335,2.583693,0.756775,0
q10,granite-overview,0.091707,2.629778,0.000000,2.690531,0.091707,2.629778,0.526796,0
q10,nimbus-cert-soc2-2023,0.113258,2.577476,0.000000,2.646527,0.113258,2.577476,0.119768,0
q10,nimbus-overview-c,0.158177,2.340231,0.000000,2.397782,0.158177,2.340231,0.391728,0
q10,nimbus-overview-a,0.168699,2.235717,0.000000,2.295695,0.168699,2.235717,0.564213,0
q10,acme-irap,0.123411,2.176010,0.000000,2.236789,0.123411,2.176010,0.740348,0
q10,nimbus-vendor-risk,0.142424,2.128345,0.000000,2.184479,0.142424,2.128345,0.692892,0
q10,nimbus-dr,0.145530,2.104820,0.011490,2.165728,0.145530,2.104820,0.730309,0
q10,nimbus-breach-history,0.157681,1.982435,0.000000,2.022687,0.157681,1.982435,0.759513,0
q10,nimbus-overview-b,0.152661,1.889330,0.000000,1.938095,0.152661,1.889330,0.634484,0
q10,nimbus-hr-onboarding,0.113519,1.730574,0.011490,1.771975,0.113519,1.730574,0.676465,0
q10,nimbus-partners,0.116028,1.471610,0.012445,1.500667,0.116028,1.471610,0.541397,0
q10,nimbus-assurance,0.142451,0.970031,0.012445,1.293944,0.160531,1.339256,0.727571,0
q10,nimbus-cert-soc2-2025,0.133572,1.257766,0.000000,1.292195,0.133572,1.257766,0.770464,0
q10,nimbus-backup,0.244280,1.117067,0.012445,1.139173,0.244280,1.117067,0.665513,0
q10,acme-overview,0.183662,1.071231,0.000000,1.089496,0.183662,1.071231,0.544135,0
q10,nimbus-access-control,0.116770,1.089884,0.012445,1.111304,0.116770,1.089884,0.572426,0
q10,granite-dd,0.108432,0.846698,0.000000,0.863376,0.108432,0.846698,0.614407,0
q10,nimbus-insurance-2026,0.072686,0.833409,0.000000,0.846538,0.072686,0.833409,0.849862,0
q10,nimbus-ai-governance,0.125065,0.771829,0.000000,0.795792,0.125065,0.771829,0.789629,0
q10,granite-sla,0.109600,0.467357,0.000000,0.479613,0.109600,0.467357,0.681028,0
q10,nimbus-sla,0.124927,0.451906,0.000000,0.464473,0.124927,0.451906,0.646348,0
q10,nimbus-overview-d,0.177584,0.283376,0.000000,0.287961,0.177584,0.283376,0.185477,0
q10,nimbus-insurance-2023,0.088595,0.247238,0.000000,0.251381,0.088595,0.247238,0.000000,0
q11,nimbus-insurance-2026,0.341352,13.616383,6.458834,13.848531,0.341352,13.616383,0.849862,1
q11,nimbus-insurance-2023,0.317880,12.052629,5.493739,12.190279,0.317880,12.052629,0.000000,0
q11,nimbus-cert-soc1,0.180816,5.466488,0.000000,5.581584,0.180816,5.466488,0.636310,0
q11,nimbus-cert-soc2-2025,0.205039,4.312017,1.541584,4.426618,0.205039,4.312017,0.770464,0
q11,nimbus-overview-b,0.181243,3.926406,0.000000,4.046448,0.181243,3.926406,0.634484,0
q11,nimbus-subcontractors,0.127493,3.434617,0.000000,3.500379,0.127493,3.434617,0.630834,0
q11,acme-dc-2025,0.120057,2.377506,0.000000,2.451634,0.120057,2.377506,0.706581,0
q11,nimbus-overview-c,0.185048,2.130327,0.000000,2.187443,0.185048,2.130327,0.391728,0
q11,nimbus-cert-soc2-2023,0.173331,2.088494,0.000000,2.146450,0.173331,2.088494,0.119768,0
q11,granite-dd,0.078098,1.972305,0.000000,2.032198,0.078098,1.972305,0.614407,0
q11,nimbus-sla,0.165834,1.884893,0.000000,1.938484,0.165834,1.884893,0.646348,0
q11,nimbus-subprocessors,0.174521,1.797911,0.000000,1.852878,0.174521,1.797911,0.756775,0
q11,nimbus-assurance,0.197606,1.631859,0.000000,1.110811,0.209033,1.631859,0.727571,0
q11,nimbus-enc-in-transit,0.205882,0.000000,0.000000,0.000000,0.205882,0.000000,0.711144,0
q11,nimbus-infosec-policy,0.176150,0.000000,0.000000,0.000000,0.187042,0.000000,0.607106,0
q11,nimbus-dr,0.175583,0.000000,0.000000,0.000000,0.175583,0.000000,0.730309,0
q11,nimbus-overview-a,0.168937,0.000000,0.000000,0.000000,0.168937,0.000000,0.564213,0
q11,nimbus-enc-at-rest,0.162084,0.000000,0.000000,0.000000,0.162084,0.000000,0.711144,0
q11,nimbus-integrations,0.161755,0.000000,0.000000,0.000000,0.161755,0.000000,0.617145,0
q11,nimbus-breach-policy,0.158733,0.000000,0.000000,0.000000,0.158733,0.000000,0.495767,0
q11,acme-sla,0.155614,0.000000,0.000000,0.000000,0.155614,0.000000,0.575164,0
q11,nimbus-backup,0.153672,0.000000,0.000000,0.000000,0.153672,0.000000,0.665513,0
q11,acme-irap,0.151209,0.000000,0.000000,0.000000,0.151209,0.000000,0.740348,0
q11,nimbus-breach-history,0.149641,0.000000,0.000000,0.000000,0.149641,0.000000,0.759513,0
q11,nimbus-vendor-risk,0.148388,0.000000,0.000000,0.000000,0.148388,0.000000,0.692892,0
q11,granite-sla,0.146885,0.000000,0.000000,0.000000,0.146885,0.000000,0.681028,0
q11,acme-iso27001,0.146865,0.000000,0.000000,0.000000,0.146865,0.000000,0.533184,0
q11,nimbus-partners,0.143981,0.000000,0.000000,0.000000,0.143981,0.000000,0.541397,0
q11,nimbus-ai-governance,0.137506,0.000000,0.000000,0.000000,0.137506,0.000000,0.789629,0
q11,acme-dc-2022,0.137097,0.000000,0.000000,0.000000,0.137097,0.000000,0.000000,0
q11,nimbus-retention,0.124748,0.000000,0.000000,0.000000,0.124748,0.000000,0.665513,0
q11,acme-overview,0.124513,0.000000,0.000000,0.000000,0.124513,0.000000,0.544135,0
q11,nimbus-hr-offboarding,0.122268,0.000000,0.000000,0.000000,0.122268,0.000000,0.676465,0
q11,nimbus-access-control,0.119304,0.000000,0.000000,0.000000,0.119304,0.000000,0.572426,0
q11,nimbus-overview-d,0.118172,0.000000,0.000000,0.000000,0.118172,0.000000,0.185477,0
q11,nimbus-hr-onboarding,0.111163,0.000000,0.000000,0.000000,0.111163,0.000000,0.676465,0
q11,acme-rfi,0.107281,0.000000,0.000000,0.000000,0.107281,0.000000,0.626271,0
q11,nimbus-model-training,0.097698,0.000000,0.000000,0.000000,0.097698,0.000000,0.789629,0
q11,granite-overview,0.070243,0.000000,0.000000,0.000000,0.070243,0.000000,0.526796,0
q12,nimbus-subcontractors,0.280967,16.055912,4.305531,16.463164,0.280967,16.055912,0.630834,1
q12,nimbus-integrations,0.160525,4.619843,0.000000,4.761138,0.160525,4.619843,0.617145,0
q12,nimbus-cert-soc1,0.147010,4.500389,0.000000,4.587672,0.147010,4.500389,0.636310,0
q12,nimbus-ai-governance,0.120160,3.392646,0.000000,3.491423,0.120160,3.392646,0.789629,0
q12,nimbus-hr-onboarding,0.127475,3.238059,0.000000,3.323730,0.127475,3.238059,0.676465,0
q12,nimbus-enc-in-transit,0.165995,2.950174,0.205428,3.004662,0.165995,2.950174,0.711144,0
q12,nimbus-cert-soc2-2025,0.173401,2.616373,0.000000,2.698543,0.173401,2.616373,0.770464,0
q12,nimbus-assurance,0.123109,1.613778,0.000000,2.064359,0.138467,2.811144,0.727571,0
q12,acme-dc-2025,0.102935,2.377506,0.000000,2.451634,0.102935,2.377506,0.706581,0
q12,nimbus-model-training,0.181084,1.782239,1.037042,1.812474,0.181084,1.782239,0.789629,0
q12,acme-sla,0.126645,1.819424,0.852451,1.839147,0.126645,1.819424,0.575164,0
q12,nimbus-breach-history,0.092018,2.224753,0.000000,2.289817,0.092018,2.224753,0.759513,0
q12,nimbus-partners,0.157352,2.094635,0.000000,2.147882,0.157352,2.094635,0.541397,0
q12,nimbus-vendor-risk,0.151145,2.073183,0.000000,2.139845,0.151145,2.073183,0.692892,0
q12,nimbus-overview-b,0.151767,1.861274,0.000000,1.918179,0.151767,1.861274,0.634484,0
q12,nimbus-overview-a,0.144836,1.827540,0.000000,1.884883,0.144836,1.827540,0.564213,0
q12,nimbus-sla,0.117601,1.459131,0.710813,1.488493,0.117601,1.459131,0.646348,0
q12,nimbus-overview-d,0.113963,1.646923,0.000000,1.684130,0.113963,1.646923,0.185477,0
q12,granite-sla,0.168892,1.500579,0.000000,1.528517,0.168892,1.500579,0.681028,0
q12,acme-rfi,0.094307,1.423190,0.000000,1.463902,0.094307,1.423190,0.626271,0
q12,nimbus-cert-soc2-2023,0.134732,1.290611,0.000000,1.320436,0.134732,1.290611,0.119768,0
q12,acme-iso27001,0.153792,1.270884,0.000000,1.300128,0.153792,1.270884,0.533184,0
q12,nimbus-enc-at-rest,0.080501,1.160278,0.205428,1.195849,0.080501,1.160278,0.711144,0
q12,granite-overview,0.124056,1.213951,0.000000,1.243447,0.124056,1.213951,0.526796,0
q12,nimbus-hr-offboarding,0.153337,1.188794,0.000000,1.219807,0.153337,1.188794,0.676465,0
q12,nimbus-subprocessors,0.224260,1.118246,0.000000,1.150479,0.224260,1.118246,0.756775,1
q12,nimbus-infosec-policy,0.132631,0.635736,0.000000,0.898966,0.152336,1.349738,0.607106,0
q12,nimbus-overview-c,0.156205,0.771403,0.000000,0.792085,0.156205,0.771403,0.391728,0
q12,granite-dd,0.163310,0.431370,0.189671,0.441727,0.163310,0.431370,0.614407,0
q12,nimbus-retention,0.129929,0.489469,0.000000,0.498619,0.129929,0.489469,0.665513,0
q12,nimbus-dr,0.127129,0.477734,0.000000,0.488112,0.127129,0.477734,0.730309,0
q12,nimbus-breach-policy,0.115058,0.442396,0.000000,0.452044,0.115058,0.442396,0.495767,0
q12,nimbus-insurance-2023,0.102099,0.389609,0.000000,0.391936,0.102099,0.389609,0.000000,0
q12,nimbus-insurance-2026,0.090876,0.364863,0.000000,0.368585,0.090876,0.364863,0.849862,0
q12,acme-irap,0.101515,0.355086,0.000000,0.365796,0.101515,0.355086,0.740348,0
q12,nimbus-backup,0.074990,0.363553,0.000000,0.374130,0.074990,0.363553,0.665513,0
q12,acme-overview,0.140543,0.238462,0.000000,0.244065,0.140543,0.238462,0.544135,0
q12,acme-dc-2022,0.106128,0.231369,0.000000,0.234423,0.106128,0.231369,0.000000,0
q12,nimbus-access-control,0.111826,0.157244,0.000000,0.161535,0.111826,0.157244,0.572426,0
q13,nimbus-breach-history,0.322107,8.546707,0.721255,8.803708,0.322107,8.546707,0.759513,1
q13,nimbus-vendor-risk,0.205972,6.633801,0.000000,6.800886,0.205972,6.633801,0.692892,0
q13,nimbus-overview-b,0.276850,5.752800,0.000000,5.913815,0.276850,5.752800,0.634484,0
q13,nimbus-integrations,0.194716,5.693299,0.000000,5.864231,0.194716,5.693299,0.617145,0
q13,nimbus-overview-a,0.249253,5.369325,0.000000,5.524849,0.249253,5.369325,0.564213,0
q13,nimbus-breach-policy,0.252085,3.822395,1.659830,3.890194,0.252085,3.822395,0.495767,0
q13,acme-iso27001,0.190278,4.112256,0.000000,4.211392,0.190278,4.112256,0.533184,0
q13,nimbus-overview-d,0.245722,3.828356,0.000000,3.908854,0.245722,3.828356,0.185477,0
q13,nimbus-backup,0.213237,3.668784,0.000000,3.765849,0.213237,3.668784,0.665513,0
q13,nimbus-overview-c,0.262066,3.630106,0.000000,3.715713,0.262066,3.630106,0.391728,0
q13,nimbus-infosec-policy,0.244395,2.020595,0.610608,2.600024,0.264735,3.157743,0.607106,0
q13,nimbus-sla,0.151309,3.024013,0.000000,3.103546,0.151309,3.024013,0.646348,0
q13,nimbus-insurance-2026,0.166624,2.663244,0.000000,2.730159,0.166624,2.663244,0.849862,0
q13,nimbus-assurance,0.246884,1.057767,0.661335,1.377106,0.254209,1.504120,0.727571,0
q13,nimbus-hr-onboarding,0.216879,1.298221,0.610608,1.326995,0.216879,1.298221,0.676465,0
q13,nimbus-cert-soc2-2023,0.194244,1.608792,0.000000,1.640907,0.194244,1.608792,0.119768,0
q13,nimbus-cert-soc2-2025,0.230797,1.369131,0.000000,1.404867,0.230797,1.369131,0.770464,0
q13,acme-irap,0.186161,1.378269,0.000000,1.404478,0.186161,1.378269,0.740348,0
q13,nimbus-retention,0.205031,1.214071,0.000000,1.244908,0.205031,1.214071,0.665513,0
q13,nimbus-ai-governance,0.127856,1.196084,0.000000,1.233386,0.127856,1.196084,0.789629,0
q13,nimbus-cert-soc1,0.199564,1.107107,0.000000,1.131564,0.199564,1.107107,0.636310,0
q13,nimbus-dr,0.212957,0.961420,0.000000,0.973378,0.212957,0.961420,0.730309,0
q13,nimbus-enc-in-transit,0.210238,0.729308,0.175445,0.744980,0.210238,0.729308,0.711144,0
q13,nimbus-subcontractors,0.187122,0.706375,0.161988,0.722201,0.187122,0.706375,0.630834,0
q13,acme-dc-2025,0.184747,0.755827,0.000000,0.770435,0.184747,0.755827,0.706581,0
q13,nimbus-insurance-2023,0.179346,0.734434,0.000000,0.746740,0.179346,0.734434,0.000000,0
q13,acme-overview,0.146292,0.743137,0.000000,0.756969,0.146292,0.743137,0.544135,0
q13,granite-overview,0.138258,0.717835,0.000000,0.732195,0.138258,0.717835,0.526796,0
q13,nimbus-partners,0.156673,0.699830,0.000000,0.715185,0.156673,0.699830,0.541397,0
q13,nimbus-subprocessors,0.227809,0.642991,0.000000,0.659249,0.227809,0.642991,0.756775,0
q13,acme-rfi,0.117448,0.647039,0.000000,0.663094,0.117448,0.647039,0.626271,0
q13,acme-dc-2022,0.171476,0.596829,0.000000,0.605788,0.171476,0.596829,0.000000,0
q13,granite-dd,0.126740,0.605944,0.000000,0.615473,0.126740,0.605944,0.614407,0
q13,nimbus-hr-offboarding,0.229830,0.521359,0.000000,0.532598,0.229830,0.521359,0.676465,0
q13,nimbus-access-control,0.229195,0.442463,0.000000,0.454536,0.229195,0.442463,0.572426,0
q13,acme-sla,0.118942,0.454217,0.000000,0.461888,0.118942,0.454217,0.575164,0
q13,nimbus-enc-at-rest,0.231233,0.375842,0.000000,0.385652,0.231233,0.375842,0.711144,0
q13,granite-sla,0.116256,0.433084,0.000000,0.441369,0.116256,0.433084,0.681028,0
q13,nimbus-model-training,0.132234,0.245347,0.150448,0.248714,0.132234,0.245347,0.789629,0
q14,nimbus-infosec-policy,0.247132,5.907191,1.529113,10.552756,0.322046,13.848253,0.607106,1
q14,nimbus-integrations,0.182331,4.285607,0.013572,4.406439,0.182331,4.285607,0.617145,0
q14,nimbus-access-control,0.265815,4.074049,0.012445,4.174852,0.265815,4.074049,0.572426,1
q14,nimbus-hr-offboarding,0.242779,3.222405,0.012445,3.320188,0.242779,3.222405,0.676465,0
q14,nimbus-breach-history,0.170698,3.142667,0.000000,3.232065,0.170698,3.142667,0.759513,0
q14,nimbus-hr-onboarding,0.242996,2.763094,0.011490,2.832424,0.242996,2.763094,0.676465,0
q14,nimbus-breach-policy,0.130439,1.545183,1.540603,1.597447,0.130439,1.545183,0.495767,0
q14,nimbus-ai-governance,0.139332,2.246238,0.000000,2.323037,0.139332,2.246238,0.789629,0
q14,nimbus-insurance-2026,0.127171,1.856159,0.000000,1.903768,0.127171,1.856159,0.849862,0
q14,nimbus-retention,0.136959,1.318303,0.009962,1.335255,0.136959,1.318303,0.665513,0
q14,acme-sla,0.116126,1.151371,0.000000,1.169682,0.116126,1.151371,0.575164,0
q14,nimbus-sla,0.119585,1.017836,0.000000,1.039531,0.119585,1.017836,0.646348,0
q14,granite-overview,0.127772,0.976704,0.000000,0.997290,0.127772,0.976704,0.526796,0
q14,nimbus-enc-in-transit,0.191957,0.908683,0.000000,0.931109,0.191957,0.908683,0.711144,0
q14,acme-dc-2025,0.136723,0.909213,0.011490,0.931750,0.136723,0.909213,0.706581,0
q14,nimbus-subprocessors,0.163871,0.872012,0.012445,0.895226,0.163871,0.872012,0.756775,0
q14,acme-iso27001,0.127820,0.879866,0.000000,0.901591,0.127820,0.879866,0.533184,0
q14,nimbus-overview-c,0.153963,0.849487,0.000000,0.871909,0.153963,0.849487,0.391728,0
q14,nimbus-cert-soc2-2025,0.137529,0.848249,0.000000,0.871857,0.137529,0.848249,0.770464,0
q14,granite-sla,0.104230,0.849942,0.000000,0.872363,0.104230,0.849942,0.681028,0
q14,nimbus-model-training,0.109030,0.844803,0.000000,0.868512,0.109030,0.844803,0.789629,0
q14,nimbus-overview-b,0.155872,0.784874,0.000000,0.808428,0.155872,0.784874,0.634484,0
q14,nimbus-dr,0.143254,0.762342,0.011490,0.786246,0.143254,0.762342,0.730309,0
q14,nimbus-overview-d,0.132042,0.610953,0.000000,0.626089,0.132042,0.610953,0.185477,0
q14,acme-rfi,0.087270,0.533035,0.000000,0.549586,0.087270,0.533035,0.626271,0
q14,nimbus-enc-at-rest,0.224518,0.432761,0.000000,0.437970,0.224518,0.432761,0.711144,0
q14,nimbus-overview-a,0.172940,0.393163,0.000000,0.399431,0.172940,0.393163,0.564213,0
q14,acme-overview,0.096385,0.383032,0.000000,0.388755,0.096385,0.383032,0.544135,0
q14,nimbus-assurance,0.163524,0.190036,0.012445,0.288142,0.187468,0.359595,0.727571,0
q14,nimbus-backup,0.123520,0.346379,0.012445,0.353318,0.123520,0.346379,0.665513,0
q14,acme-dc-2022,0.130194,0.305144,0.000000,0.311439,0.130194,0.305144,0.000000,0
q14,nimbus-partners,0.098925,0.279697,0.012445,0.286788,0.098925,0.279697,0.541397,0
q14,acme-irap,0.139260,0.259849,0.000000,0.267312,0.139260,0.259849,0.740348,0
q14,nimbus-vendor-risk,0.150174,0.248820,0.000000,0.256436,0.150174,0.248820,0.692892,0
q14,nimbus-subcontractors,0.104533,0.267954,0.000000,0.275290,0.104533,0.267954,0.630834,0
q14,granite-dd,0.100287,0.259738,0.000000,0.267185,0.100287,0.259738,0.614407,0
q14,nimbus-cert-soc2-2023,0.143991,0.017911,0.000000,0.018244,0.143991,0.017911,0.119768,0
q14,nimbus-insurance-2023,0.131351,0.016376,0.000000,0.016650,0.131351,0.016376,0.000000,0
q14,nimbus-cert-soc1,0.161780,0.000000,0.000000,0.000000,0.161780,0.000000,0.636310,0
q15,nimbus-assurance,0.281776,9.036834,1.975443,10.101073,0.318799,9.335897,0.727571,1
q15,nimbus-backup,0.187476,8.725256,1.975443,8.951093,0.187476,8.725256,0.665513,0
q15,nimbus-subcontractors,0.139633,7.229968,0.000000,7.379507,0.139633,7.229968,0.630834,0
q15,nimbus-cert-soc2-2023,0.139746,5.033470,0.000000,5.168069,0.139746,5.033470,0.119768,0
q15,nimbus-cert-soc1,0.137877,4.764379,0.000000,4.860651,0.137877,4.764379,0.636310,0
q15,nimbus-dr,0.186692,4.452001,0.011490,4.541909,0.186692,4.452001,0.730309,0
q15,nimbus-breach-policy,0.211183,4.330585,0.011490,4.471875,0.211183,4.330585,0.495767,0
q15,granite-dd,0.141783,4.032503,0.000000,4.112731,0.141783,4.032503,0.614407,0
q15,nimbus-ai-governance,0.123821,3.876883,0.000000,3.982225,0.123821,3.876883,0.789629,0
q15,acme-dc-2022,0.108590,3.457944,0.000000,3.529277,0.108590,3.457944,0.000000,0
q15,nimbus-vendor-risk,0.203905,3.393231,0.000000,3.483115,0.203905,3.393231,0.692892,0
q15,nimbus-insurance-2023,0.100208,3.053231,0.000000,3.104393,0.100208,3.053231,0.000000,0
q15,nimbus-cert-soc2-2025,0.169326,2.935669,0.000000,3.023619,0.169326,2.935669,0.770464,0
q15,acme-dc-2025,0.097212,2.597021,0.011490,2.675746,0.097212,2.597021,0.706581,0
q15,nimbus-integrations,0.114528,2.384609,0.013572,2.455044,0.114528,2.384609,0.617145,0
q15,nimbus-infosec-policy,0.199739,1.366254,0.000000,1.944517,0.236900,2.707378,0.607106,1
q15,granite-sla,0.167840,2.066304,0.000000,2.117822,0.167840,2.066304,0.681028,0
q15,nimbus-overview-d,0.138854,1.735310,0.000000,1.764159,0.138854,1.735310,0.185477,0
q15,nimbus-overview-c,0.140906,1.700450,0.000000,1.730664,0.140906,1.700450,0.391728,0
q15,acme-sla,0.182972,1.548087,0.000000,1.584018,0.182972,1.548087,0.575164,0
q15,acme-overview,0.069278,1.528210,0.000000,1.563789,0.069278,1.528210,0.544135,0
q15,nimbus-breach-history,0.194571,1.366474,0.000000,1.406284,0.194571,1.366474,0.759513,0
q15,acme-rfi,0.113945,1.387119,0.000000,1.426302,0.113945,1.387119,0.626271,0
q15,nimbus-hr-offboarding,0.159276,1.346349,0.012445,1.386470,0.159276,1.346349,0.676465,0
q15,nimbus-overview-a,0.151669,1.297170,0.000000,1.337333,0.151669,1.297170,0.564213,0
q15,nimbus-access-control,0.199041,1.258306,0.012445,1.292283,0.199041,1.258306,0.572426,0
q15,acme-irap,0.189735,0.304163,0.000000,0.306426,0.189735,0.304163,0.740348,0
q15,acme-iso27001,0.137508,0.283772,0.000000,0.286557,0.137508,0.283772,0.533184,0
q15,nimbus-subprocessors,0.182415,0.250812,0.012445,0.254791,0.182415,0.250812,0.756775,0
q15,nimbus-hr-onboarding,0.159937,0.258595,0.011490,0.262178,0.159937,0.258595,0.676465,0
q15,nimbus-model-training,0.155389,0.264629,0.000000,0.268323,0.155389,0.264629,0.789629,0
q15,nimbus-sla,0.150635,0.257057,0.000000,0.260767,0.150635,0.257057,0.646348,0
q15,nimbus-enc-in-transit,0.190265,0.228695,0.000000,0.232979,0.190265,0.228695,0.711144,0
q15,granite-overview,0.093943,0.266166,0.000000,0.269394,0.093943,0.266166,0.526796,0
q15,nimbus-retention,0.174264,0.210913,0.009962,0.215614,0.174264,0.210913,0.665513,0
q15,nimbus-insurance-2026,0.127962,0.238477,0.000000,0.242403,0.127962,0.238477,0.849862,0
q15,nimbus-overview-b,0.155682,0.224143,0.000000,0.228600,0.155682,0.224143,0.634484,0
q15,nimbus-partners,0.115433,0.181034,0.012445,0.185527,0.115433,0.181034,0.541397,0
q15,nimbus-enc-at-rest,0.158831,0.157215,0.000000,0.162134,0.158831,0.157215,0.711144,0
q16,nimbus-ai-governance,0.321110,11.014743,10.475025,11.183294,0.321110,11.014743,0.789629,1
q16,nimbus-model-training,0.285156,11.384399,3.597179,11.703612,0.285156,11.384399,0.789629,1
q16,nimbus-integrations,0.210317,4.595131,0.013572,4.737906,0.210317,4.595131,0.617145,0
q16,nimbus-enc-at-rest,0.216250,2.799899,0.780771,2.861316,0.216250,2.799899,0.711144,0
q16,nimbus-infosec-policy,0.172185,1.897394,0.309641,2.918520,0.184387,3.213784,0.607106,0
q16,nimbus-hr-offboarding,0.163746,3.176271,0.012445,3.272606,0.163746,3.176271,0.676465,0
q16,nimbus-enc-in-transit,0.173474,2.759666,0.445406,2.821436,0.173474,2.759666,0.711144,0
q16,nimbus-hr-onboarding,0.186143,2.546425,0.011490,2.607979,0.186143,2.546425,0.676465,0
q16,nimbus-overview-b,0.154318,2.317145,0.000000,2.383065,0.154318,2.317145,0.634484,0
q16,nimbus-overview-a,0.180437,2.289401,0.000000,2.355168,0.180437,2.289401,0.564213,0
q16,nimbus-partners,0.145791,2.188340,0.012445,2.234366,0.145791,2.188340,0.541397,0
q16,acme-dc-2025,0.200762,1.711874,0.592664,1.735598,0.200762,1.711874,0.706581,0
q16,acme-dc-2022,0.170272,1.652021,0.534158,1.679150,0.170272,1.652021,0.000000,0
q16,nimbus-retention,0.176312,1.792463,0.009962,1.822237,0.176312,1.792463,0.665513,0
q16,nimbus-breach-policy,0.136769,1.557588,0.422732,1.580206,0.136769,1.557588,0.495767,0
q16,acme-rfi,0.144957,1.677672,0.000000,1.726086,0.144957,1.677672,0.626271,0
q16,nimbus-subprocessors,0.232570,1.624876,0.012445,1.658722,0.232570,1.624876,0.756775,0
q16,nimbus-overview-d,0.133270,1.363302,0.000000,1.395618,0.133270,1.363302,0.185477,0
q16,acme-irap,0.191347,1.322839,0.000000,1.357886,0.191347,1.322839,0.740348,0
q16,nimbus-vendor-risk,0.205096,1.312690,0.000000,1.348556,0.205096,1.312690,0.692892,0
q16,nimbus-breach-history,0.161672,1.324009,0.000000,1.350626,0.161672,1.324009,0.759513,0
q16,acme-sla,0.135450,1.302228,0.000000,1.335871,0.135450,1.302228,0.575164,0
q16,nimbus-subcontractors,0.127310,0.828129,0.926918,0.849456,0.127310,0.828129,0.630834,0
q16,nimbus-dr,0.132655,1.209931,0.011490,1.246009,0.132655,1.209931,0.730309,0
q16,nimbus-overview-c,0.168953,1.125743,0.000000,1.155572,0.168953,1.125743,0.391728,0
q16,nimbus-assurance,0.174045,0.643892,0.012445,0.923804,0.210842,1.094071,0.727571,0
q16,nimbus-cert-soc2-2025,0.156034,0.861072,0.000000,0.883134,0.156034,0.861072,0.770464,0
q16,nimbus-cert-soc1,0.178500,0.765999,0.000000,0.777210,0.178500,0.765999,0.636310,0
q16,acme-overview,0.114219,0.772326,0.000000,0.787196,0.114219,0.772326,0.544135,0
q16,granite-overview,0.163147,0.542723,0.000000,0.552764,0.163147,0.542723,0.526796,0
q16,nimbus-access-control,0.103500,0.521516,0.012445,0.532290,0.103500,0.521516,0.572426,0
q16,nimbus-backup,0.140785,0.497625,0.012445,0.508964,0.140785,0.497625,0.665513,0
q16,acme-iso27001,0.152828,0.452640,0.000000,0.463652,0.152828,0.452640,0.533184,0
q16,granite-sla,0.106584,0.435617,0.000000,0.447030,0.106584,0.435617,0.681028,0
q16,granite-dd,0.138423,0.406776,0.000000,0.418689,0.138423,0.406776,0.614407,0
q16,nimbus-sla,0.103463,0.421395,0.000000,0.433094,0.103463,0.421395,0.646348,0
q16,nimbus-cert-soc2-2023,0.179445,0.256605,0.000000,0.260278,0.179445,0.256605,0.119768,0
q16,nimbus-insurance-2026,0.101700,0.022103,0.000000,0.022329,0.101700,0.022103,0.849862,0
q16,nimbus-insurance-2023,0.087540,0.016376,0.000000,0.016650,0.087540,0.016376,0.000000,0
q17,nimbus-integrations,0.162137,7.540811,0.013572,7.769521,0.162137,7.540811,0.617145,0
q17,nimbus-vendor-risk,0.166821,4.327479,0.000000,4.439031,0.166821,4.327479,0.692892,0
q17,nimbus-overview-b,0.183141,2.220906,2.973011,2.269364,0.183141,2.220906,0.634484,1
q17,nimbus-breach-history,0.173315,1.875291,3.542765,1.932717,0.173315,1.875291,0.759513,0
q17,nimbus-overview-a,0.179206,1.961070,2.973011,2.003039,0.179206,1.961070,0.564213,1
q17,nimbus-assurance,0.155087,2.662744,0.012445,3.555178,0.188532,3.290232,0.727571,0
q17,nimbus-overview-c,0.195366,1.910178,2.973011,1.957953,0.195366,1.910178,0.391728,1
q17,nimbus-infosec-policy,0.160283,1.504006,0.000000,2.299775,0.174572,3.464185,0.607106,0
q17,granite-dd,0.151269,2.653132,0.189671,2.725039,0.151269,2.653132,0.614407,0
q17,acme-overview,0.129686,0.535335,4.288934,0.547587,0.129686,0.535335,0.544135,0
q17,nimbus-insurance-2026,0.097611,2.639544,0.000000,2.701687,0.097611,2.639544,0.849862,0
q17,nimbus-cert-soc1,0.178085,2.519727,0.000000,2.582057,0.178085,2.519727,0.636310,0
q17,nimbus-partners,0.109410,2.519564,0.012445,2.582555,0.109410,2.519564,0.541397,0
q17,nimbus-hr-onboarding,0.219484,2.302920,0.011490,2.361956,0.219484,2.302920,0.676465,0
q17,granite-overview,0.150633,0.523491,2.394509,0.536053,0.150633,0.523491,0.526796,0
q17,nimbus-access-control,0.145478,0.275786,1.810169,0.282954,0.145478,0.275786,0.572426,0
q17,nimbus-dr,0.153279,0.714679,0.011490,0.725805,0.153279,0.714679,0.730309,0
q17,nimbus-retention,0.128625,0.727412,0.009962,0.738536,0.128625,0.727412,0.665513,0
q17,nimbus-subcontractors,0.122241,0.624775,0.189671,0.636244,0.122241,0.624775,0.630834,0
q17,nimbus-cert-soc2-2023,0.155676,0.699064,0.000000,0.710291,0.155676,0.699064,0.119768,0
q17,nimbus-hr-offboarding,0.164341,0.686026,0.012445,0.697935,0.164341,0.686026,0.676465,0
q17,nimbus-insurance-2023,0.094118,0.716986,0.000000,0.724799,0.094118,0.716986,0.000000,0
q17,nimbus-enc-in-transit,0.090898,0.572343,0.205428,0.585206,0.090898,0.572343,0.711144,0
q17,nimbus-sla,0.121815,0.649699,0.000000,0.662044,0.121815,0.649699,0.646348,0
q17,nimbus-backup,0.166858,0.604944,0.012445,0.617143,0.166858,0.604944,0.665513,0
q17,nimbus-overview-d,0.141363,0.592450,0.000000,0.604480,0.141363,0.592450,0.185477,1
q17,nimbus-ai-governance,0.090202,0.534329,0.000000,0.547997,0.090202,0.534329,0.789629,0
q17,nimbus-subprocessors,0.144707,0.461478,0.012445,0.475298,0.144707,0.461478,0.756775,0
q17,acme-rfi,0.034464,0.450862,0.000000,0.464803,0.034464,0.450862,0.626271,0
q17,acme-sla,0.097244,0.355704,0.000000,0.360430,0.097244,0.355704,0.575164,0
q17,granite-sla,0.110439,0.318867,0.000000,0.324502,0.110439,0.318867,0.681028,0
q17,acme-iso27001,0.083988,0.329110,0.000000,0.334397,0.083988,0.329110,0.533184,0
q17,acme-dc-2022,0.085269,0.305144,0.000000,0.311439,0.085269,0.305144,0.000000,0
q17,nimbus-cert-soc2-2025,0.160449,0.250684,0.000000,0.258240,0.160449,0.250684,0.770464,0
q17,acme-dc-2025,0.102073,0.252659,0.011490,0.260246,0.102073,0.252659,0.706581,0
q17,acme-irap,0.102594,0.228638,0.000000,0.235159,0.102594,0.228638,0.740348,0
q17,nimbus-breach-policy,0.118195,0.211270,0.011490,0.217966,0.118195,0.211270,0.495767,0
q17,nimbus-model-training,0.136677,0.019282,0.176158,0.019609,0.136677,0.019282,0.789629,0
q17,nimbus-enc-at-rest,0.101320,0.016692,0.205428,0.017065,0.101320,0.016692,0.711144,0
q18,acme-rfi,0.317837,17.066332,11.966361,17.472592,0.317837,17.066332,0.626271,1
q18,nimbus-subcontractors,0.148589,4.447561,0.656290,4.532718,0.148589,4.447561,0.630834,0
q18,nimbus-cert-soc1,0.107404,4.286927,0.000000,4.370398,0.107404,4.286927,0.636310,0
q18,nimbus-breach-policy,0.143870,2.986892,0.000000,3.088927,0.143870,2.986892,0.495767,0
q18,acme-dc-2025,0.154849,2.377506,0.000000,2.451634,0.154849,2.377506,0.706581,0
q18,nimbus-infosec-policy,0.119287,2.912745,0.000000,1.530262,0.141436,2.912745,0.607106,0
q18,acme-sla,0.159678,1.315436,0.852451,1.326602,0.159678,1.315436,0.575164,0
q18,nimbus-sla,0.149488,1.012945,0.710813,1.032340,0.149488,1.012945,0.646348,0
q18,nimbus-enc-in-transit,0.141709,1.150702,0.000000,1.167311,0.141709,1.150702,0.711144,0
q18,granite-sla,0.111807,1.040307,0.000000,1.058692,0.111807,1.040307,0.681028,0
q18,acme-iso27001,0.168420,0.799425,0.000000,0.819474,0.168420,0.799425,0.533184,0
q18,granite-overview,0.072025,0.812068,0.000000,0.831800,0.072025,0.812068,0.526796,0
q18,nimbus-overview-c,0.134689,0.771403,0.000000,0.792085,0.134689,0.771403,0.391728,0
q18,nimbus-partners,0.095804,0.779207,0.000000,0.799722,0.095804,0.779207,0.541397,0
q18,nimbus-subprocessors,0.219306,0.710887,0.000000,0.732621,0.219306,0.710887,0.756775,0
q18,nimbus-cert-soc2-2023,0.108193,0.756255,0.000000,0.777241,0.108193,0.756255,0.119768,0
q18,nimbus-overview-b,0.130244,0.710887,0.000000,0.732621,0.130244,0.710887,0.634484,0
q18,nimbus-hr-offboarding,0.131570,0.698002,0.000000,0.719904,0.131570,0.698002,0.676465,0
q18,nimbus-overview-a,0.127630,0.698002,0.000000,0.719904,0.127630,0.698002,0.564213,0
q18,nimbus-cert-soc2-2025,0.111973,0.685577,0.000000,0.707621,0.111973,0.685577,0.770464,0
q18,acme-irap,0.183956,0.000000,0.000000,0.000000,0.183956,0.000000,0.740348,0
q18,acme-overview,0.159707,0.000000,0.000000,0.000000,0.159707,0.000000,0.544135,0
q18,nimbus-ai-governance,0.151616,0.000000,0.000000,0.000000,0.151616,0.000000,0.789629,0
q18,nimbus-vendor-risk,0.149513,0.000000,0.000000,0.000000,0.149513,0.000000,0.692892,0
q18,acme-dc-2022,0.149330,0.000000,0.000000,0.000000,0.149330,0.000000,0.000000,0
q18,nimbus-integrations,0.148166,0.000000,0.000000,0.000000,0.148166,0.000000,0.617145,0
q18,nimbus-dr,0.146989,0.000000,0.000000,0.000000,0.146989,0.000000,0.730309,0
q18,nimbus-insurance-2026,0.138144,0.000000,0.000000,0.000000,0.138144,0.000000,0.849862,0
q18,nimbus-assurance,0.124710,0.000000,0.000000,0.000000,0.134005,0.000000,0.727571,0
q18,nimbus-insurance-2023,0.127079,0.000000,0.000000,0.000000,0.127079,0.000000,0.000000,0
q18,nimbus-model-training,0.122270,0.000000,0.000000,0.000000,0.122270,0.000000,0.789629,0
q18,nimbus-breach-history,0.121669,0.000000,0.000000,0.000000,0.121669,0.000000,0.759513,0
q18,granite-dd,0.120492,0.000000,0.000000,0.000000,0.120492,0.000000,0.614407,0
q18,nimbus-access-control,0.116855,0.000000,0.000000,0.000000,0.116855,0.000000,0.572426,0
q18,nimbus-enc-at-rest,0.085678,0.000000,0.000000,0.000000,0.085678,0.000000,0.711144,0
q18,nimbus-hr-onboarding,0.085131,0.000000,0.000000,0.000000,0.085131,0.000000,0.676465,0
q18,nimbus-backup,0.083890,0.000000,0.000000,0.000000,0.083890,0.000000,0.665513,0
q18,nimbus-overview-d,0.075082,0.000000,0.000000,0.000000,0.075082,0.000000,0.185477,0
q18,nimbus-retention,0.069503,0.000000,0.000000,0.000000,0.069503,0.000000,0.665513,0
q19,nimbus-integrations,0.176737,7.468895,0.000000,7.701767,0.176737,7.468895,0.617145,0
q19,nimbus-model-training,0.218435,5.462790,0.381944,5.595952,0.218435,5.462790,0.789629,0
q19,nimbus-insurance-2023,0.106101,5.688571,0.000000,5.783891,0.106101,5.688571,0.000000,0
q19,nimbus-breach-policy,0.114569,4.846542,0.411241,4.981650,0.114569,4.846542,0.495767,0
q19,nimbus-cert-soc2-2023,0.109417,4.599440,0.000000,4.727074,0.109417,4.599440,0.119768,0
q19,nimbus-infosec-policy,0.155439,4.587779,0.000000,2.457501,0.176046,4.587779,0.607106,0
q19,nimbus-partners,0.170121,3.376416,0.000000,3.449328,0.170121,3.376416,0.541397,0
q19,acme-iso27001,0.178971,3.350830,0.000000,3.434863,0.178971,3.350830,0.533184,0
q19,nimbus-assurance,0.175146,3.634411,0.000000,2.561434,0.181423,3.634411,0.727571,0
q19,acme-dc-2025,0.242897,1.646632,2.806472,1.671076,0.242897,1.646632,0.706581,0
q19,nimbus-enc-in-transit,0.172689,2.681568,0.445406,2.744910,0.172689,2.681568,0.711144,0
q19,acme-overview,0.181005,2.509123,0.000000,2.568074,0.181005,2.509123,0.544135,0
q19,acme-dc-2022,0.242119,0.704182,3.424583,0.713476,0.242119,0.704182,0.000000,0
q19,nimbus-retention,0.125860,2.369942,0.000000,2.417834,0.125860,2.369942,0.665513,0
q19,acme-irap,0.127157,2.269074,0.000000,2.337509,0.127157,2.269074,0.740348,0
q19,nimbus-hr-offboarding,0.180524,1.986526,0.000000,2.041243,0.180524,1.986526,0.676465,0
q19,nimbus-access-control,0.137602,1.936742,0.000000,1.989586,0.137602,1.936742,0.572426,0
q19,nimbus-ai-governance,0.165986,1.906603,0.000000,1.974926,0.165986,1.906603,0.789629,0
q19,nimbus-backup,0.217419,1.862855,0.000000,1.917054,0.217419,1.862855,0.665513,0
q19,nimbus-enc-at-rest,0.192451,1.451974,0.445406,1.480827,0.192451,1.451974,0.711144,0
q19,nimbus-subprocessors,0.212644,1.399892,0.000000,1.429136,0.212644,1.399892,0.756775,0
q19,granite-sla,0.137345,1.345116,0.000000,1.380856,0.137345,1.345116,0.681028,0
q19,nimbus-overview-a,0.172033,1.327848,0.000000,1.356194,0.172033,1.327848,0.564213,0
q19,nimbus-overview-c,0.167971,1.313673,0.000000,1.341462,0.167971,1.313673,0.391728,0
q19,nimbus-overview-b,0.165585,1.230822,0.000000,1.260847,0.165585,1.230822,0.634484,0
q19,acme-rfi,0.159060,1.204102,0.000000,1.234740,0.159060,1.204102,0.626271,0
q19,nimbus-breach-history,0.161087,1.179253,0.000000,1.209594,0.161087,1.179253,0.759513,0
q19,nimbus-cert-soc1,0.132324,1.046286,0.000000,1.055622,0.132324,1.046286,0.636310,0
q19,nimbus-subcontractors,0.219350,0.811191,0.000000,0.826723,0.219350,0.811191,0.630834,0
q19,nimbus-cert-soc2-2025,0.132451,0.765867,0.000000,0.782878,0.132451,0.765867,0.770464,0
q19,nimbus-sla,0.135474,0.596838,0.000000,0.613807,0.135474,0.596838,0.646348,0
q19,nimbus-vendor-risk,0.122587,0.599262,0.000000,0.612573,0.122587,0.599262,0.692892,0
q19,acme-sla,0.136390,0.493253,0.000000,0.505996,0.136390,0.493253,0.575164,0
q19,nimbus-hr-onboarding,0.130521,0.480965,0.000000,0.493974,0.130521,0.480965,0.676465,0
q19,nimbus-dr,0.204489,0.435406,0.000000,0.449154,0.204489,0.435406,0.730309,0
q19,nimbus-overview-d,0.142577,0.000000,0.000000,0.000000,0.142577,0.000000,0.185477,0
q19,granite-dd,0.106543,0.000000,0.000000,0.000000,0.106543,0.000000,0.614407,0
q19,granite-overview,0.094951,0.000000,0.000000,0.000000,0.094951,0.000000,0.526796,0
q19,nimbus-insurance-2026,0.092702,0.000000,0.000000,0.000000,0.092702,0.000000,0.849862,0
q20,granite-dd,0.276777,19.797922,2.722324,20.278145,0.276777,19.797922,0.614407,1
q20,nimbus-subcontractors,0.128400,3.999986,0.189671,4.073875,0.128400,3.999986,0.630834,0
q20,nimbus-cert-soc1,0.162300,3.515524,0.000000,3.578313,0.162300,3.515524,0.636310,0
q20,nimbus-breach-policy,0.127221,3.438983,0.000000,3.550336,0.127221,3.438983,0.495767,0
q20,nimbus-access-control,0.164039,2.947362,0.000000,3.027780,0.164039,2.947362,0.572426,0
q20,granite-overview,0.110653,2.628879,0.000000,2.671688,0.110653,2.628879,0.526796,0
q20,acme-dc-2025,0.067294,2.577507,0.000000,2.655913,0.067294,2.577507,0.706581,0
q20,acme-overview,0.113512,2.059329,0.000000,2.107712,0.113512,2.059329,0.544135,0
q20,nimbus-sla,0.076465,2.020896,0.000000,2.072319,0.076465,2.020896,0.646348,0
q20,nimbus-retention,0.163154,1.935501,0.000000,1.988351,0.163154,1.935501,0.665513,0
q20,nimbus-dr,0.136770,1.916109,0.000000,1.969370,0.136770,1.916109,0.730309,0
q20,nimbus-enc-at-rest,0.115999,1.506227,0.205428,1.554945,0.115999,1.506227,0.711144,0
q20,nimbus-overview-c,0.132448,1.543513,0.000000,1.584896,0.132448,1.543513,0.391728,0
q20,nimbus-overview-a,0.120853,1.540351,0.000000,1.588683,0.120853,1.540351,0.564213,0
q20,nimbus-assurance,0.164077,0.503741,0.000000,0.558626,0.168222,0.591070,0.727571,0
q20,nimbus-cert-soc2-2023,0.169099,0.562838,0.000000,0.570837,0.169099,0.562838,0.119768,0
q20,acme-sla,0.077169,0.601847,0.000000,0.608868,0.077169,0.601847,0.575164,0
q20,acme-iso27001,0.140889,0.568402,0.000000,0.576037,0.140889,0.568402,0.533184,0
q20,nimbus-hr-offboarding,0.166431,0.546457,0.000000,0.555357,0.166431,0.546457,0.676465,0
q20,nimbus-ai-governance,0.149388,0.552642,0.000000,0.561987,0.149388,0.552642,0.789629,0
q20,nimbus-insurance-2026,0.093085,0.581237,0.000000,0.588659,0.093085,0.581237,0.849862,0
q20,nimbus-insurance-2023,0.080218,0.582179,0.000000,0.587733,0.080218,0.582179,0.000000,0
q20,nimbus-integrations,0.209182,0.510229,0.000000,0.519971,0.209182,0.510229,0.617145,0
q20,nimbus-enc-in-transit,0.165493,0.423937,0.205428,0.434054,0.165493,0.423937,0.711144,0
q20,granite-sla,0.122046,0.542379,0.000000,0.550892,0.122046,0.542379,0.681028,0
q20,acme-irap,0.124096,0.490251,0.000000,0.498501,0.124096,0.490251,0.740348,0
q20,nimbus-infosec-policy,0.173738,0.341755,0.000000,0.441100,0.191059,0.449562,0.607106,0
q20,nimbus-subprocessors,0.151913,0.436604,0.000000,0.446553,0.151913,0.436604,0.756775,0
q20,acme-rfi,0.112173,0.446213,0.000000,0.455888,0.112173,0.446213,0.626271,0
q20,nimbus-vendor-risk,0.138707,0.424883,0.000000,0.435100,0.138707,0.424883,0.692892,0
q20,nimbus-breach-history,0.128887,0.405775,0.000000,0.416308,0.128887,0.405775,0.759513,0
q20,nimbus-backup,0.090161,0.418819,0.000000,0.429061,0.090161,0.418819,0.665513,0
q20,nimbus-model-training,0.131112,0.245347,0.176158,0.248714,0.131112,0.245347,0.789629,0
q20,nimbus-overview-d,0.099148,0.305816,0.000000,0.310927,0.099148,0.305816,0.185477,0
q20,nimbus-cert-soc2-2025,0.154752,0.267269,0.000000,0.269923,0.154752,0.267269,0.770464,0
q20,nimbus-hr-onboarding,0.170289,0.240504,0.000000,0.243761,0.170289,0.240504,0.676465,0
q20,nimbus-overview-b,0.114049,0.201910,0.000000,0.206128,0.114049,0.201910,0.634484,0
q20,nimbus-partners,0.145369,0.160426,0.000000,0.164650,0.145369,0.160426,0.541397,0
q20,acme-dc-2022,0.076721,0.000000,0.000000,0.000000,0.076721,0.000000,0.000000,0
q21,nimbus-cert-soc2-2025,0.302489,13.189695,6.025186,13.525195,0.302489,13.189695,0.770464,1
q21,nimbus-cert-soc2-2023,0.347779,11.716159,5.228570,11.984994,0.347779,11.716159,0.119768,1
q21,nimbus-cert-soc1,0.283135,11.834245,1.138659,12.092797,0.283135,11.834245,0.636310,0
q21,nimbus-integrations,0.183879,6.288648,0.000000,6.469331,0.183879,6.288648,0.617145,0
q21,nimbus-overview-c,0.173253,5.674260,0.000000,5.826392,0.173253,5.674260,0.391728,0
q21,nimbus-overview-b,0.174377,5.229115,0.000000,5.388984,0.174377,5.229115,0.634484,0
q21,nimbus-overview-a,0.168743,5.134340,0.000000,5.295443,0.168743,5.134340,0.564213,0
q21,nimbus-assurance,0.218325,5.620387,0.000000,3.825814,0.280062,5.620387,0.727571,0
q21,nimbus-retention,0.218799,3.610917,1.730290,3.724929,0.218799,3.610917,0.665513,0
q21,nimbus-vendor-risk,0.230773,3.777294,0.000000,3.898751,0.230773,3.777294,0.692892,0
q21,nimbus-subcontractors,0.092302,3.434617,0.000000,3.500379,0.092302,3.434617,0.630834,0
q21,granite-sla,0.172775,2.357589,0.000000,2.420232,0.172775,2.357589,0.681028,0
q21,acme-dc-2025,0.117808,2.377506,0.000000,2.451634,0.117808,2.377506,0.706581,0
q21,nimbus-ai-governance,0.120429,1.906603,0.000000,1.974926,0.120429,1.906603,0.789629,0
q21,nimbus-sla,0.165507,1.884893,0.000000,1.938484,0.165507,1.884893,0.646348,0
q21,nimbus-subprocessors,0.158549,1.797911,0.000000,1.852878,0.158549,1.797911,0.756775,0
q21,acme-iso27001,0.221275,1.723342,0.000000,1.766560,0.221275,1.723342,0.533184,0
q21,nimbus-enc-at-rest,0.106930,1.471367,0.000000,1.518958,0.106930,1.471367,0.711144,0
q21,nimbus-enc-in-transit,0.188683,1.206561,0.000000,1.240866,0.188683,1.206561,0.711144,0
q21,nimbus-insurance-2026,0.162850,0.000000,1.960605,0.000000,0.162850,0.000000,0.849862,0
q21,acme-irap,0.230959,0.000000,0.000000,0.000000,0.230959,0.000000,0.740348,0
q21,nimbus-hr-offboarding,0.203865,0.000000,0.000000,0.000000,0.203865,0.000000,0.676465,0
q21,nimbus-infosec-policy,0.179829,0.000000,0.000000,0.000000,0.200127,0.000000,0.607106,0
q21,nimbus-access-control,0.182413,0.000000,0.000000,0.000000,0.182413,0.000000,0.572426,0
q21,nimbus-dr,0.179226,0.000000,0.000000,0.000000,0.179226,0.000000,0.730309,0
q21,nimbus-breach-policy,0.179114,0.000000,0.000000,0.000000,0.179114,0.000000,0.495767,0
q21,granite-dd,0.169988,0.000000,0.000000,0.000000,0.169988,0.000000,0.614407,0
q21,nimbus-hr-onboarding,0.169384,0.000000,0.000000,0.000000,0.169384,0.000000,0.676465,0
q21,nimbus-breach-history,0.166566,0.000000,0.000000,0.000000,0.166566,0.000000,0.759513,0
q21,nimbus-backup,0.157397,0.000000,0.000000,0.000000,0.157397,0.000000,0.665513,0
q21,acme-sla,0.154167,0.000000,0.000000,0.000000,0.154167,0.000000,0.575164,0
q21,nimbus-insurance-2023,0.130563,0.000000,0.000000,0.000000,0.130563,0.000000,0.000000,0
q21,nimbus-partners,0.119188,0.000000,0.000000,0.000000,0.119188,0.000000,0.541397,0
q21,acme-dc-2022,0.109000,0.000000,0.000000,0.000000,0.109000,0.000000,0.000000,0
q21,acme-rfi,0.104330,0.000000,0.000000,0.000000,0.104330,0.000000,0.626271,0
q21,nimbus-overview-d,0.102883,0.000000,0.000000,0.000000,0.102883,0.000000,0.185477,0
q21,nimbus-model-training,0.080644,0.000000,0.000000,0.000000,0.080644,0.000000,0.789629,0
q21,acme-overview,0.079085,0.000000,0.000000,0.000000,0.079085,0.000000,0.544135,0
q21,granite-overview,0.063709,0.000000,0.000000,0.000000,0.063709,0.000000,0.526796,0
q22,nimbus-cert-soc2-2023,0.252374,6.910145,0.000000,7.081728,0.252374,6.910145,0.119768,1
q22,granite-overview,0.196063,5.016791,2.614650,5.113866,0.196063,5.016791,0.526796,0
q22,nimbus-cert-soc1,0.291766,5.011973,1.313181,5.114900,0.291766,5.011973,0.636310,0
q22,nimbus-integrations,0.176679,4.715969,0.000000,4.863008,0.176679,4.715969,0.617145,0
q22,nimbus-retention,0.182939,3.901764,0.000000,4.024959,0.182939,3.901764,0.665513,0
q22,nimbus-breach-history,0.235134,2.612550,0.721255,2.692956,0.235134,2.612550,0.759513,0
q22,nimbus-assurance,0.266387,1.619519,0.661335,2.268565,0.270894,2.456180,0.727571,1
q22,nimbus-vendor-risk,0.290446,2.502596,0.000000,2.567501,0.290446,2.502596,0.692892,0
q22,acme-irap,0.217429,2.353958,0.000000,2.416129,0.217429,2.353958,0.740348,0
q22,nimbus-access-control,0.239980,1.528208,1.422276,1.569905,0.239980,1.528208,0.572426,0
q22,nimbus-infosec-policy,0.257467,1.375345,0.610608,1.710483,0.278308,2.089863,0.607106,0
q22,nimbus-cert-soc2-2025,0.234795,2.115771,0.000000,2.183803,0.234795,2.115771,0.770464,1
q22,nimbus-partners,0.164599,2.151879,0.000000,2.208533,0.164599,2.151879,0.541397,0
q22,nimbus-subcontractors,0.207087,1.884893,0.000000,1.938484,0.207087,1.884893,0.630834,0
q22,nimbus-ai-governance,0.187800,1.837872,0.000000,1.903732,0.187800,1.837872,0.789629,0
q22,nimbus-hr-offboarding,0.170363,1.765325,0.000000,1.820717,0.170363,1.765325,0.676465,0
q22,acme-iso27001,0.203816,1.723342,0.000000,1.766560,0.203816,1.723342,0.533184,0
q22,nimbus-enc-at-rest,0.208087,1.471367,0.000000,1.518958,0.208087,1.471367,0.711144,0
q22,acme-rfi,0.161285,1.384101,0.000000,1.428073,0.161285,1.384101,0.626271,0
q22,nimbus-overview-d,0.253988,1.106419,0.000000,1.120214,0.253988,1.106419,0.185477,0
q22,nimbus-hr-onboarding,0.182222,0.714132,0.610608,0.733448,0.182222,0.714132,0.676465,0
q22,nimbus-overview-c,0.287723,0.964637,0.000000,0.981866,0.287723,0.964637,0.391728,0
q22,nimbus-overview-b,0.288065,0.912438,0.000000,0.931499,0.288065,0.912438,0.634484,0
q22,nimbus-overview-a,0.279567,0.900966,0.000000,0.920390,0.279567,0.900966,0.564213,0
q22,nimbus-breach-policy,0.239483,0.608087,0.000000,0.628860,0.239483,0.608087,0.495767,0
q22,nimbus-subprocessors,0.226596,0.000000,0.000000,0.000000,0.226596,0.000000,0.756775,0
q22,granite-dd,0.211244,0.000000,0.000000,0.000000,0.211244,0.000000,0.614407,0
q22,nimbus-insurance-2026,0.207128,0.000000,0.000000,0.000000,0.207128,0.000000,0.849862,0
q22,nimbus-insurance-2023,0.205353,0.000000,0.000000,0.000000,0.205353,0.000000,0.000000,0
q22,nimbus-enc-in-transit,0.197577,0.000000,0.000000,0.000000,0.197577,0.000000,0.711144,0
q22,nimbus-backup,0.195180,0.000000,0.000000,0.000000,0.195180,0.000000,0.665513,0
q22,acme-dc-2025,0.174081,0.000000,0.000000,0.000000,0.174081,0.000000,0.706581,0
q22,nimbus-dr,0.159265,0.000000,0.000000,0.000000,0.159265,0.000000,0.730309,0
q22,acme-dc-2022,0.150243,0.000000,0.000000,0.000000,0.150243,0.000000,0.000000,0
q22,acme-overview,0.145892,0.000000,0.000000,0.000000,0.145892,0.000000,0.544135,0
q22,nimbus-sla,0.145353,0.000000,0.000000,0.000000,0.145353,0.000000,0.646348,0
q22,granite-sla,0.126122,0.000000,0.000000,0.000000,0.126122,0.000000,0.681028,0
q22,nimbus-model-training,0.110715,0.000000,0.000000,0.000000,0.110715,0.000000,0.789629,0
q22,acme-sla,0.110113,0.000000,0.000000,0.000000,0.110113,0.000000,0.575164,0
q23,nimbus-cert-soc2-2025,0.255320,10.389815,0.000000,10.723895,0.255320,10.389815,0.770464,1
q23,nimbus-cert-soc1,0.172861,5.645851,0.000000,5.765756,0.172861,5.645851,0.636310,0
q23,nimbus-integrations,0.159404,3.447946,0.000000,3.555449,0.159404,3.447946,0.617145,0
q23,nimbus-subcontractors,0.135555,3.434617,0.000000,3.500379,0.135555,3.434617,0.630834,0
q23,nimbus-enc-in-transit,0.210682,2.876066,0.000000,2.957837,0.210682,2.876066,0.711144,0
q23,acme-dc-2025,0.087829,2.377506,0.000000,2.451634,0.087829,2.377506,0.706581,0
q23,nimbus-cert-soc2-2023,0.214958,2.205384,0.000000,2.246409,0.214958,2.205384,0.119768,0
q23,nimbus-partners,0.155492,2.151879,0.000000,2.208533,0.155492,2.151879,0.541397,0
q23,granite-dd,0.199413,1.972305,0.000000,2.032198,0.199413,1.972305,0.614407,0
q23,acme-iso27001,0.194013,1.723342,0.000000,1.766560,0.194013,1.723342,0.533184,0
q23,nimbus-retention,0.138424,1.497914,0.000000,1.545210,0.138424,1.497914,0.665513,0
q23,nimbus-vendor-risk,0.163524,1.477915,0.000000,1.525437,0.163524,1.477915,0.692892,0
q23,nimbus-enc-at-rest,0.122473,1.471367,0.000000,1.518958,0.122473,1.471367,0.711144,0
q23,nimbus-infosec-policy,0.150822,1.690209,0.000000,0.924721,0.166751,1.690209,0.607106,0
q23,nimbus-assurance,0.163625,1.273829,0.000000,0.867099,0.170708,1.273829,0.727571,0
q23,nimbus-insurance-2026,0.182179,0.000000,0.000000,0.000000,0.182179,0.000000,0.849862,0
q23,nimbus-hr-offboarding,0.179325,0.000000,0.000000,0.000000,0.179325,0.000000,0.676465,0
q23,nimbus-insurance-2023,0.159742,0.000000,0.000000,0.000000,0.159742,0.000000,0.000000,0
q23,acme-irap,0.159051,0.000000,0.000000,0.000000,0.159051,0.000000,0.740348,0
q23,nimbus-breach-history,0.156960,0.000000,0.000000,0.000000,0.156960,0.000000,0.759513,0
q23,nimbus-overview-c,0.156734,0.000000,0.000000,0.000000,0.156734,0.000000,0.391728,0
q23,nimbus-hr-onboarding,0.155009,0.000000,0.000000,0.000000,0.155009,0.000000,0.676465,0
q23,nimbus-breach-policy,0.152081,0.000000,0.000000,0.000000,0.152081,0.000000,0.495767,0
q23,nimbus-overview-a,0.145853,0.000000,0.000000,0.000000,0.145853,0.000000,0.564213,0
q23,nimbus-subprocessors,0.141381,0.000000,0.000000,0.000000,0.141381,0.000000,0.756775,0
q23,nimbus-dr,0.139685,0.000000,0.000000,0.000000,0.139685,0.000000,0.730309,0
q23,nimbus-backup,0.138829,0.000000,0.000000,0.000000,0.138829,0.000000,0.665513,0
q23,nimbus-overview-b,0.134810,0.000000,0.000000,0.000000,0.134810,0.000000,0.634484,0
q23,granite-sla,0.133962,0.000000,0.000000,0.000000,0.133962,0.000000,0.681028,0
q23,acme-sla,0.128737,0.000000,0.000000,0.000000,0.128737,0.000000,0.575164,0
q23,nimbus-access-control,0.125231,0.000000,0.000000,0.000000,0.125231,0.000000,0.572426,0
q23,nimbus-sla,0.112998,0.000000,0.000000,0.000000,0.112998,0.000000,0.646348,0
q23,acme-dc-2022,0.107304,0.000000,0.000000,0.000000,0.107304,0.000000,0.000000,0
q23,acme-rfi,0.107296,0.000000,0.000000,0.000000,0.107296,0.000000,0.626271,0
q23,nimbus-overview-d,0.106333,0.000000,0.000000,0.000000,0.106333,0.000000,0.185477,0
q23,nimbus-model-training,0.100899,0.000000,0.000000,0.000000,0.100899,0.000000,0.789629,0
q23,granite-overview,0.096218,0.000000,0.000000,0.000000,0.096218,0.000000,0.526796,0
q23,nimbus-ai-governance,0.072421,0.000000,0.000000,0.000000,0.072421,0.000000,0.789629,0
q23,acme-overview,0.067594,0.000000,0.000000,0.000000,0.067594,0.000000,0.544135,0
q24,nimbus-hr-offboarding,0.311158,5.962242,0.000000,6.137487,0.311158,5.962242,0.676465,1
q24,nimbus-breach-policy,0.213257,5.582924,0.000000,5.761960,0.213257,5.582924,0.495767,0
q24,nimbus-infosec-policy,0.177191,3.631673,0.000000,4.904007,0.222048,5.626604,0.607106,0
q24,nimbus-retention,0.302330,2.894173,1.730290,2.977031,0.302330,2.894173,0.665513,0
q24,nimbus-enc-in-transit,0.148635,3.812987,0.000000,3.909868,0.148635,3.812987,0.711144,0
q24,nimbus-breach-history,0.186585,2.399348,0.000000,2.473192,0.186585,2.399348,0.759513,0
q24,nimbus-access-control,0.220394,0.879536,0.000000,0.895574,0.220394,0.879536,0.572426,0
q24,nimbus-model-training,0.118098,0.892360,0.000000,0.909167,0.118098,0.892360,0.789629,0
q24,nimbus-backup,0.151017,0.856629,0.000000,0.873488,0.151017,0.856629,0.665513,0
q24,granite-dd,0.141122,0.824428,0.000000,0.840870,0.141122,0.824428,0.614407,0
q24,nimbus-overview-c,0.118164,0.797209,0.000000,0.813743,0.118164,0.797209,0.391728,0
q24,nimbus-enc-at-rest,0.135096,0.772027,0.000000,0.788376,0.135096,0.772027,0.711144,0
q24,nimbus-subcontractors,0.076814,0.776078,0.000000,0.793238,0.076814,0.776078,0.630834,0
q24,acme-dc-2022,0.114106,0.744548,0.000000,0.759907,0.114106,0.744548,0.000000,0
q24,nimbus-overview-a,0.112606,0.733746,0.000000,0.751239,0.112606,0.733746,0.564213,0
q24,nimbus-subprocessors,0.178132,0.696828,0.000000,0.714974,0.178132,0.696828,0.756775,0
q24,nimbus-assurance,0.183637,0.542127,0.000000,0.682952,0.208285,0.645434,0.727571,0
q24,nimbus-cert-soc2-2025,0.131794,0.675531,0.000000,0.694090,0.131794,0.675531,0.770464,0
q24,acme-sla,0.134861,0.672261,0.000000,0.689629,0.134861,0.672261,0.575164,0
q24,acme-iso27001,0.090040,0.682727,0.000000,0.699849,0.090040,0.682727,0.533184,0
q24,nimbus-partners,0.101042,0.665461,0.000000,0.682981,0.101042,0.665461,0.541397,0
q24,nimbus-dr,0.181540,0.593421,0.000000,0.612158,0.181540,0.593421,0.730309,0
q24,nimbus-integrations,0.162817,0.598823,0.000000,0.617494,0.162817,0.598823,0.617145,0
q24,acme-irap,0.118566,0.612769,0.000000,0.631250,0.118566,0.612769,0.740348,0
q24,nimbus-insurance-2026,0.113831,0.617013,0.000000,0.624898,0.113831,0.617013,0.849862,0
q24,nimbus-vendor-risk,0.117229,0.585498,0.000000,0.604325,0.117229,0.585498,0.692892,0
q24,nimbus-cert-soc1,0.101607,0.540715,0.000000,0.550372,0.101607,0.540715,0.636310,0
q24,nimbus-hr-onboarding,0.193670,0.388415,0.000000,0.393675,0.193670,0.388415,0.676465,0
q24,nimbus-cert-soc2-2023,0.117394,0.394402,0.000000,0.405347,0.117394,0.394402,0.119768,0
q24,acme-dc-2025,0.117683,0.370616,0.000000,0.376650,0.117683,0.370616,0.706581,0
q24,granite-overview,0.102485,0.356747,0.000000,0.362426,0.102485,0.356747,0.526796,0
q24,acme-overview,0.055091,0.360513,0.000000,0.366034,0.055091,0.360513,0.544135,0
q24,nimbus-ai-governance,0.113851,0.298529,0.000000,0.306112,0.113851,0.298529,0.789629,0
q24,granite-sla,0.163654,0.257785,0.000000,0.264634,0.163654,0.257785,0.681028,0
q24,nimbus-sla,0.142336,0.247808,0.000000,0.254853,0.142336,0.247808,0.646348,0
q24,nimbus-overview-b,0.111462,0.236372,0.000000,0.243599,0.111462,0.236372,0.634484,0
q24,nimbus-insurance-2023,0.100398,0.000000,0.000000,0.000000,0.100398,0.000000,0.000000,0
q24,nimbus-overview-d,0.085959,0.000000,0.000000,0.000000,0.085959,0.000000,0.185477,0
q24,acme-rfi,0.059440,0.000000,0.000000,0.000000,0.059440,0.000000,0.626271,0
q25,nimbus-hr-onboarding,0.331191,13.166292,1.659830,13.486534,0.331191,13.166292,0.676465,1
q25,nimbus-subcontractors,0.194252,4.447561,0.000000,4.532718,0.194252,4.447561,0.630834,0
q25,nimbus-infosec-policy,0.185307,4.778009,0.000000,2.551755,0.236231,4.778009,0.607106,1
q25,nimbus-cert-soc1,0.158212,3.515524,0.000000,3.578313,0.158212,3.515524,0.636310,0
q25,granite-overview,0.120905,3.525581,0.000000,3.588512,0.120905,3.525581,0.526796,0
q25,nimbus-vendor-risk,0.182752,3.331249,0.000000,3.438363,0.182752,3.331249,0.692892,0
q25,nimbus-subprocessors,0.186889,2.778613,0.000000,2.854067,0.186889,2.778613,0.756775,0
q25,acme-dc-2025,0.074023,2.377506,0.000000,2.451634,0.074023,2.377506,0.706581,0
q25,nimbus-overview-d,0.159605,2.196316,0.000000,2.251955,0.159605,2.196316,0.185477,0
q25,acme-overview,0.077126,2.086812,0.000000,2.135841,0.077126,2.086812,0.544135,0
q25,nimbus-overview-b,0.167452,1.963203,0.000000,2.023224,0.167452,1.963203,0.634484,0
q25,acme-rfi,0.074059,1.910310,0.000000,1.970999,0.074059,1.910310,0.626271,0
q25,nimbus-assurance,0.187808,2.156585,0.000000,1.513042,0.192702,2.156585,0.727571,0
q25,nimbus-ai-governance,0.140025,1.585702,0.000000,1.642526,0.140025,1.585702,0.789629,0
q25,nimbus-overview-c,0.165189,1.036806,0.000000,1.055324,0.165189,1.036806,0.391728,0
q25,nimbus-sla,0.108831,1.012945,0.000000,1.032340,0.108831,1.012945,0.646348,0
q25,nimbus-retention,0.125420,0.965338,0.000000,0.986308,0.125420,0.965338,0.665513,0
q25,nimbus-breach-policy,0.177150,0.924773,0.000000,0.946901,0.177150,0.924773,0.495767,0
q25,nimbus-insurance-2023,0.076617,0.935334,0.000000,0.951007,0.076617,0.935334,0.000000,0
q25,acme-iso27001,0.115565,0.799425,0.000000,0.819474,0.115565,0.799425,0.533184,0
q25,nimbus-insurance-2026,0.105893,0.787170,0.000000,0.807507,0.105893,0.787170,0.849862,0
q25,nimbus-access-control,0.143122,0.763754,0.000000,0.784593,0.143122,0.763754,0.572426,0
q25,nimbus-hr-offboarding,0.215211,0.698002,0.000000,0.719904,0.215211,0.698002,0.676465,0
q25,nimbus-integrations,0.202408,0.701179,0.000000,0.723042,0.202408,0.701179,0.617145,0
q25,nimbus-enc-in-transit,0.114601,0.745279,0.000000,0.766469,0.114601,0.745279,0.711144,0
q25,nimbus-model-training,0.127740,0.685577,0.000000,0.707621,0.127740,0.685577,0.789629,0
q25,nimbus-overview-a,0.148474,0.000000,0.000000,0.000000,0.148474,0.000000,0.564213,0
q25,nimbus-cert-soc2-2023,0.148232,0.000000,0.000000,0.000000,0.148232,0.000000,0.119768,0
q25,nimbus-cert-soc2-2025,0.145396,0.000000,0.000000,0.000000,0.145396,0.000000,0.770464,0
q25,nimbus-backup,0.141981,0.000000,0.000000,0.000000,0.141981,0.000000,0.665513,0
q25,nimbus-breach-history,0.124591,0.000000,0.000000,0.000000,0.124591,0.000000,0.759513,0
q25,nimbus-dr,0.122817,0.000000,0.000000,0.000000,0.122817,0.000000,0.730309,0
q25,granite-dd,0.122076,0.000000,0.000000,0.000000,0.122076,0.000000,0.614407,0
q25,nimbus-partners,0.112383,0.000000,0.000000,0.000000,0.112383,0.000000,0.541397,0
q25,acme-irap,0.106308,0.000000,0.000000,0.000000,0.106308,0.000000,0.740348,0
q25,nimbus-enc-at-rest,0.093496,0.000000,0.000000,0.000000,0.093496,0.000000,0.711144,0
q25,granite-sla,0.075951,0.000000,0.000000,0.000000,0.075951,0.000000,0.681028,0
q25,acme-dc-2022,0.075916,0.000000,0.000000,0.000000,0.075916,0.000000,0.000000,0
q25,acme-sla,0.066926,0.000000,0.000000,0.000000,0.066926,0.000000,0.575164,0
q26,nimbus-subcontractors,0.217970,5.961652,0.000000,6.099262,0.217970,5.961652,0.630834,0
q26,nimbus-cert-soc1,0.234882,4.233232,0.000000,4.315263,0.234882,4.233232,0.636310,0
q26,nimbus-breach-history,0.189295,3.057714,0.721255,3.151820,0.189295,3.057714,0.759513,0
q26,nimbus-hr-onboarding,0.321512,3.048228,0.610608,3.130679,0.321512,3.048228,0.676465,1
q26,nimbus-overview-a,0.207398,3.267700,0.000000,3.361385,0.207398,3.267700,0.564213,0
q26,nimbus-model-training,0.179801,2.084791,1.853556,2.151827,0.179801,2.084791,0.789629,0
q26,nimbus-infosec-policy,0.288120,1.592701,0.610608,2.058728,0.324994,2.741931,0.607106,1
q26,acme-dc-2025,0.096763,2.377506,0.000000,2.451634,0.096763,2.377506,0.706581,0
q26,nimbus-overview-d,0.240636,1.106419,0.000000,1.120214,0.240636,1.106419,0.185477,0
q26,nimbus-assurance,0.226825,0.782858,0.661335,0.596636,0.271035,0.782858,0.727571,0
q26,nimbus-vendor-risk,0.222175,1.024680,0.000000,1.042064,0.222175,1.024680,0.692892,0
q26,nimbus-overview-c,0.230596,0.964637,0.000000,0.981866,0.230596,0.964637,0.391728,0
q26,nimbus-overview-b,0.232096,0.912438,0.000000,0.931499,0.232096,0.912438,0.634484,0
q26,acme-irap,0.163254,0.918284,0.000000,0.937155,0.163254,0.918284,0.740348,0
q26,nimbus-cert-soc2-2023,0.184904,0.703614,0.000000,0.723140,0.184904,0.703614,0.119768,0
q26,nimbus-retention,0.160264,0.646487,0.000000,0.666899,0.160264,0.646487,0.665513,0
q26,nimbus-cert-soc2-2025,0.171086,0.637856,0.000000,0.658366,0.171086,0.637856,0.770464,0
q26,nimbus-breach-policy,0.194997,0.608087,0.000000,0.628860,0.194997,0.608087,0.495767,0
q26,nimbus-ai-governance,0.162399,0.583338,0.000000,0.604242,0.162399,0.583338,0.789629,0
q26,nimbus-enc-at-rest,0.222860,0.000000,0.000000,0.000000,0.222860,0.000000,0.711144,0
q26,nimbus-access-control,0.217547,0.000000,0.000000,0.000000,0.217547,0.000000,0.572426,0
q26,nimbus-hr-offboarding,0.202243,0.000000,0.000000,0.000000,0.202243,0.000000,0.676465,0
q26,nimbus-enc-in-transit,0.192608,0.000000,0.000000,0.000000,0.192608,0.000000,0.711144,0
q26,nimbus-subprocessors,0.183414,0.000000,0.000000,0.000000,0.183414,0.000000,0.756775,0
q26,nimbus-insurance-2023,0.174259,0.000000,0.000000,0.000000,0.174259,0.000000,0.000000,0
q26,nimbus-integrations,0.173582,0.000000,0.000000,0.000000,0.173582,0.000000,0.617145,0
q26,acme-iso27001,0.169477,0.000000,0.000000,0.000000,0.169477,0.000000,0.533184,0
q26,nimbus-insurance-2026,0.163979,0.000000,0.000000,0.000000,0.163979,0.000000,0.849862,0
q26,nimbus-partners,0.155762,0.000000,0.000000,0.000000,0.155762,0.000000,0.541397,0
q26,nimbus-dr,0.143652,0.000000,0.000000,0.000000,0.143652,0.000000,0.730309,0
q26,granite-overview,0.139782,0.000000,0.000000,0.000000,0.139782,0.000000,0.526796,0
q26,nimbus-backup,0.139051,0.000000,0.000000,0.000000,0.139051,0.000000,0.665513,0
q26,nimbus-sla,0.128674,0.000000,0.000000,0.000000,0.128674,0.000000,0.646348,0
q26,granite-dd,0.116229,0.000000,0.000000,0.000000,0.116229,0.000000,0.614407,0
q26,acme-overview,0.101134,0.000000,0.000000,0.000000,0.101134,0.000000,0.544135,0
q26,acme-dc-2022,0.100246,0.000000,0.000000,0.000000,0.100246,0.000000,0.000000,0
q26,acme-rfi,0.092805,0.000000,0.000000,0.000000,0.092805,0.000000,0.626271,0
q26,acme-sla,0.067283,0.000000,0.000000,0.000000,0.067283,0.000000,0.575164,0
q26,granite-sla,0.053691,0.000000,0.000000,0.000000,0.053691,0.000000,0.681028,0
q27,nimbus-subcontractors,0.238151,9.095878,0.161988,9.351884,0.238151,9.095878,0.630834,0
q27,nimbus-subprocessors,0.253172,9.112168,0.012445,9.382260,0.253172,9.112168,0.756775,1
q27,nimbus-integrations,0.204522,5.840078,0.683437,6.013454,0.204522,5.840078,0.617145,0
q27,nimbus-hr-offboarding,0.098333,5.312929,0.012445,5.479469,0.098333,5.312929,0.676465,0
q27,granite-overview,0.130408,5.028550,0.000000,5.150578,0.130408,5.028550,0.526796,0
q27,nimbus-cert-soc1,0.139158,4.568499,0.000000,4.690984,0.139158,4.568499,0.636310,0
q27,nimbus-cert-soc2-2023,0.123990,4.095727,0.000000,4.206910,0.123990,4.095727,0.119768,0
q27,nimbus-retention,0.128825,3.526890,0.009962,3.638249,0.128825,3.526890,0.665513,0
q27,acme-dc-2022,0.265751,3.278291,0.000000,3.342565,0.265751,3.278291,0.000000,0
q27,acme-dc-2025,0.255028,2.719702,0.011490,2.797209,0.255028,2.719702,0.706581,0
q27,nimbus-assurance,0.162090,1.669881,0.012445,2.098503,0.180168,2.682377,0.727571,0
q27,nimbus-access-control,0.131194,2.141966,0.012445,2.200053,0.131194,2.141966,0.572426,0
q27,nimbus-model-training,0.126391,1.753182,0.150448,1.809261,0.126391,1.753182,0.789629,0
q27,nimbus-ai-governance,0.115413,1.763189,0.000000,1.825793,0.115413,1.763189,0.789629,0
q27,granite-sla,0.129601,0.879498,0.736604,0.902704,0.129601,0.879498,0.681028,0
q27,nimbus-overview-b,0.219348,1.146779,0.000000,1.169117,0.219348,1.146779,0.634484,0
q27,nimbus-dr,0.195274,1.146901,0.011490,1.169346,0.195274,1.146901,0.730309,1
q27,nimbus-overview-a,0.201452,1.134664,0.000000,1.157407,0.201452,1.134664,0.564213,0
q27,nimbus-sla,0.201432,1.079386,0.000000,1.101666,0.201432,1.079386,0.646348,0
q27,nimbus-enc-in-transit,0.175086,0.848095,0.175445,0.871926,0.175086,0.848095,0.711144,0
q27,nimbus-backup,0.224742,0.895222,0.012445,0.918937,0.224742,0.895222,0.665513,0
q27,nimbus-partners,0.175135,0.886249,0.012445,0.909309,0.175135,0.886249,0.541397,0
q27,nimbus-overview-c,0.198629,0.878895,0.000000,0.902106,0.198629,0.878895,0.391728,0
q27,nimbus-enc-at-rest,0.200669,0.841794,0.000000,0.866508,0.200669,0.841794,0.711144,0
q27,acme-sla,0.107699,0.888269,0.000000,0.911217,0.107699,0.888269,0.575164,0
q27,acme-irap,0.130654,0.818374,0.000000,0.842681,0.130654,0.818374,0.740348,0
q27,nimbus-vendor-risk,0.136704,0.613272,0.000000,0.632606,0.136704,0.613272,0.692892,0
q27,acme-overview,0.177502,0.321424,0.000000,0.325022,0.177502,0.321424,0.544135,0
q27,nimbus-breach-history,0.140478,0.296058,0.000000,0.300796,0.140478,0.296058,0.759513,0
q27,nimbus-overview-d,0.147938,0.283376,0.000000,0.287961,0.147938,0.283376,0.185477,0
q27,nimbus-cert-soc2-2025,0.137085,0.258777,0.000000,0.264246,0.137085,0.258777,0.770464,0
q27,nimbus-insurance-2023,0.121219,0.247238,0.000000,0.251381,0.121219,0.247238,0.000000,0
q27,nimbus-infosec-policy,0.118911,0.108294,0.000000,0.197089,0.128601,0.280958,0.607106,0
q27,acme-iso27001,0.121538,0.219557,0.000000,0.224724,0.121538,0.219557,0.533184,0
q27,nimbus-insurance-2026,0.108791,0.216396,0.000000,0.221641,0.108791,0.216396,0.849862,0
q27,acme-rfi,0.125839,0.191681,0.000000,0.197388,0.125839,0.191681,0.626271,0
q27,nimbus-hr-onboarding,0.111314,0.018091,0.011490,0.018418,0.111314,0.018091,0.676465,0
q27,nimbus-breach-policy,0.102668,0.022382,0.011490,0.022626,0.102668,0.022382,0.495767,0
q27,granite-dd,0.055022,0.022270,0.000000,0.022506,0.055022,0.022270,0.614407,0
q28,nimbus-breach-policy,0.159799,4.999758,0.822483,5.131914,0.159799,4.999758,0.495767,0
q28,nimbus-breach-history,0.212606,5.379988,0.000000,5.507044,0.212606,5.379988,0.759513,0
q28,nimbus-integrations,0.164387,4.840564,0.000000,4.991488,0.164387,4.840564,0.617145,0
q28,nimbus-backup,0.226502,4.638344,0.000000,4.770155,0.226502,4.638344,0.665513,0
q28,nimbus-model-training,0.263400,3.450535,1.051471,3.536043,0.263400,3.450535,0.789629,1
q28,nimbus-retention,0.248993,3.722669,0.000000,3.802950,0.248993,3.722669,0.665513,0
q28,nimbus-overview-c,0.166526,3.130705,0.000000,3.214642,0.166526,3.130705,0.391728,0
q28,acme-dc-2025,0.200933,2.446374,1.162347,2.479690,0.200933,2.446374,0.706581,0
q28,granite-dd,0.147221,2.993530,0.000000,3.084436,0.147221,2.993530,0.614407,0
q28,nimbus-enc-at-rest,0.247687,2.311406,1.226177,2.348651,0.247687,2.311406,0.711144,1
q28,acme-dc-2022,0.190423,2.109571,1.068317,2.142624,0.190423,2.109571,0.000000,0
q28,nimbus-enc-in-transit,0.168969,1.622440,0.890812,1.665441,0.168969,1.622440,0.711144,0
q28,nimbus-subprocessors,0.191787,2.017832,0.000000,2.059985,0.191787,2.017832,0.756775,0
q28,nimbus-cert-soc2-2025,0.139009,2.013229,0.000000,2.074801,0.139009,2.013229,0.770464,0
q28,acme-iso27001,0.115343,1.865394,0.000000,1.912175,0.115343,1.865394,0.533184,0
q28,nimbus-vendor-risk,0.212488,1.749940,0.000000,1.794291,0.212488,1.749940,0.692892,0
q28,nimbus-hr-onboarding,0.141463,1.712483,0.000000,1.753557,0.141463,1.712483,0.676465,0
q28,acme-sla,0.133785,1.619634,0.000000,1.661477,0.133785,1.619634,0.575164,0
q28,nimbus-overview-b,0.163101,1.589977,0.000000,1.634107,0.163101,1.589977,0.634484,0
q28,acme-irap,0.134186,1.603442,0.000000,1.647327,0.134186,1.603442,0.740348,0
q28,nimbus-overview-d,0.157125,1.591325,0.000000,1.631638,0.157125,1.591325,0.185477,0
q28,nimbus-overview-a,0.166863,1.573803,0.000000,1.617655,0.166863,1.573803,0.564213,0
q28,nimbus-infosec-policy,0.172376,0.790021,0.309641,1.254633,0.181469,1.439158,0.607106,0
q28,nimbus-dr,0.146273,1.429689,0.000000,1.474830,0.146273,1.429689,0.730309,0
q28,nimbus-assurance,0.165396,1.005029,0.000000,1.501196,0.169970,1.147149,0.727571,0
q28,nimbus-partners,0.170256,0.852304,0.000000,0.865328,0.170256,0.852304,0.541397,0
q28,acme-rfi,0.103409,0.866902,0.000000,0.894443,0.103409,0.866902,0.626271,0
q28,acme-overview,0.092760,0.749807,0.000000,0.764474,0.092760,0.749807,0.544135,0
q28,nimbus-subcontractors,0.180443,0.599434,0.000000,0.616477,0.180443,0.599434,0.630834,0
q28,nimbus-ai-governance,0.167146,0.594342,0.000000,0.612524,0.167146,0.594342,0.789629,0
q28,nimbus-cert-soc1,0.181154,0.552538,0.000000,0.559936,0.181154,0.552538,0.636310,0
q28,nimbus-access-control,0.155574,0.342437,0.000000,0.348681,0.155574,0.342437,0.572426,0
q28,granite-overview,0.097790,0.356747,0.000000,0.362426,0.097790,0.356747,0.526796,0
q28,nimbus-hr-offboarding,0.148913,0.321987,0.000000,0.328928,0.148913,0.321987,0.676465,0
q28,granite-sla,0.125160,0.257785,0.000000,0.264634,0.125160,0.257785,0.681028,0
q28,nimbus-sla,0.104773,0.247808,0.000000,0.254853,0.104773,0.247808,0.646348,0
q28,nimbus-cert-soc2-2023,0.111298,0.000000,0.000000,0.000000,0.111298,0.000000,0.119768,0
q28,nimbus-insurance-2023,0.066983,0.000000,0.000000,0.000000,0.066983,0.000000,0.000000,0
q28,nimbus-insurance-2026,0.062766,0.000000,0.000000,0.000000,0.062766,0.000000,0.849862,0
q29,nimbus-enc-in-transit,0.301375,10.340507,0.205428,10.539432,0.301375,10.340507,0.711144,1
q29,nimbus-subcontractors,0.117336,5.975069,0.189671,6.086774,0.117336,5.975069,0.630834,0
q29,acme-dc-2025,0.088092,3.889056,0.000000,4.010313,0.088092,3.889056,0.706581,0
q29,nimbus-cert-soc1,0.109076,3.515524,0.000000,3.578313,0.109076,3.515524,0.636310,0
q29,nimbus-backup,0.126345,3.047227,0.000000,3.135885,0.126345,3.047227,0.665513,0
q29,acme-iso27001,0.112779,2.030212,0.000000,2.078498,0.112779,2.030212,0.533184,0
q29,acme-dc-2022,0.101450,1.879390,0.000000,1.918160,0.101450,1.879390,0.000000,0
q29,nimbus-integrations,0.194767,1.792296,0.000000,1.845431,0.194767,1.792296,0.617145,0
q29,acme-rfi,0.075066,1.691102,0.000000,1.744827,0.075066,1.691102,0.626271,0
q29,nimbus-assurance,0.146440,0.900531,0.000000,1.174036,0.170324,1.479079,0.727571,0
q29,nimbus-insurance-2023,0.100956,0.389609,0.000000,0.391936,0.100956,0.389609,0.000000,0
q29,nimbus-insurance-2026,0.091846,0.364863,0.000000,0.368585,0.091846,0.364863,0.849862,0
q29,granite-dd,0.036431,0.284332,0.189671,0.290224,0.036431,0.284332,0.614407,0
q29,nimbus-retention,0.097823,0.346410,0.000000,0.351043,0.097823,0.346410,0.665513,0
q29,nimbus-hr-offboarding,0.087700,0.347085,0.000000,0.351687,0.087700,0.347085,0.676465,0
q29,acme-sla,0.090378,0.341923,0.000000,0.346292,0.090378,0.341923,0.575164,0
q29,granite-sla,0.113422,0.300653,0.000000,0.305966,0.113422,0.300653,0.681028,0
q29,nimbus-dr,0.156004,0.278987,0.000000,0.285047,0.156004,0.278987,0.730309,0
q29,nimbus-ai-governance,0.105280,0.303122,0.000000,0.309085,0.105280,0.303122,0.789629,0
q29,nimbus-cert-soc2-2023,0.110872,0.295661,0.000000,0.301162,0.110872,0.295661,0.119768,0
q29,nimbus-overview-d,0.083785,0.305816,0.000000,0.310927,0.083785,0.305816,0.185477,0
q29,nimbus-sla,0.104634,0.292745,0.000000,0.298350,0.104634,0.292745,0.646348,0
q29,nimbus-infosec-policy,0.113702,0.221867,0.000000,0.203918,0.159207,0.262535,0.607106,0
q29,nimbus-subprocessors,0.179499,0.205449,0.000000,0.211730,0.179499,0.205449,0.756775,0
q29,acme-overview,0.078026,0.238462,0.000000,0.244065,0.078026,0.238462,0.544135,0
q29,granite-overview,0.074802,0.234691,0.000000,0.240394,0.074802,0.234691,0.526796,0
q29,acme-irap,0.107069,0.207363,0.000000,0.213617,0.107069,0.207363,0.740348,0
q29,nimbus-vendor-risk,0.085383,0.198135,0.000000,0.204505,0.085383,0.198135,0.692892,0
q29,nimbus-breach-history,0.062812,0.204505,0.000000,0.210799,0.062812,0.204505,0.759513,0
q29,nimbus-breach-policy,0.075210,0.188888,0.000000,0.195340,0.075210,0.188888,0.495767,0
q29,nimbus-enc-at-rest,0.136347,0.000000,0.205428,0.000000,0.136347,0.000000,0.711144,0
q29,nimbus-model-training,0.132128,0.000000,0.176158,0.000000,0.132128,0.000000,0.789629,0
q29,nimbus-cert-soc2-2025,0.150535,0.000000,0.000000,0.000000,0.150535,0.000000,0.770464,0
q29,nimbus-overview-c,0.122850,0.000000,0.000000,0.000000,0.122850,0.000000,0.391728,0
q29,nimbus-overview-b,0.113484,0.000000,0.000000,0.000000,0.113484,0.000000,0.634484,0
q29,nimbus-access-control,0.105924,0.000000,0.000000,0.000000,0.105924,0.000000,0.572426,0
q29,nimbus-overview-a,0.105069,0.000000,0.000000,0.000000,0.105069,0.000000,0.564213,0
q29,nimbus-hr-onboarding,0.099201,0.000000,0.000000,0.000000,0.099201,0.000000,0.676465,0
q29,nimbus-partners,0.079172,0.000000,0.000000,0.000000,0.079172,0.000000,0.541397,0
q30,nimbus-enc-at-rest,0.298033,9.468505,2.161532,9.642077,0.298033,9.468505,0.711144,1
q30,nimbus-integrations,0.090343,4.539434,0.013572,4.680472,0.090343,4.539434,0.617145,0
q30,nimbus-overview-a,0.124647,4.519519,0.000000,4.660792,0.124647,4.519519,0.564213,0
q30,nimbus-enc-in-transit,0.216453,3.147296,2.161532,3.228096,0.216453,3.147296,0.711144,1
q30,nimbus-infosec-policy,0.204490,2.400962,0.000000,3.606644,0.252912,4.430454,0.607106,0
q30,nimbus-breach-policy,0.132770,3.617812,0.011490,3.729197,0.132770,3.617812,0.495767,0
q30,granite-overview,0.062203,2.772283,0.000000,2.839487,0.062203,2.772283,0.526796,0
q30,nimbus-backup,0.164829,2.393900,0.012445,2.458625,0.164829,2.393900,0.665513,0
q30,nimbus-ai-governance,0.114706,1.608436,0.000000,1.665494,0.114706,1.608436,0.789629,0
q30,nimbus-insurance-2026,0.097401,0.639117,0.000000,0.647227,0.097401,0.639117,0.849862,0
q30,nimbus-access-control,0.214406,0.558935,0.012445,0.568967,0.214406,0.558935,0.572426,0
q30,nimbus-hr-offboarding,0.138522,0.596853,0.012445,0.606741,0.138522,0.596853,0.676465,0
q30,granite-dd,0.119192,0.609230,0.000000,0.618697,0.119192,0.609230,0.614407,0
q30,nimbus-model-training,0.140779,0.593653,0.000000,0.603725,0.140779,0.593653,0.789629,0
q30,nimbus-overview-c,0.112448,0.562638,0.000000,0.572531,0.112448,0.562638,0.391728,0
q30,nimbus-subcontractors,0.118664,0.548417,0.000000,0.558822,0.118664,0.548417,0.630834,0
q30,nimbus-cert-soc1,0.108889,0.540715,0.000000,0.550372,0.108889,0.540715,0.636310,0
q30,nimbus-assurance,0.122535,0.394899,0.012445,0.439296,0.150247,0.459298,0.727571,0
q30,acme-dc-2022,0.081451,0.469931,0.000000,0.479625,0.081451,0.469931,0.000000,0
q30,nimbus-partners,0.105086,0.426980,0.012445,0.437948,0.105086,0.426980,0.541397,0
q30,acme-iso27001,0.093245,0.439156,0.000000,0.449830,0.093245,0.439156,0.533184,0
q30,nimbus-subprocessors,0.148978,0.390398,0.012445,0.402045,0.148978,0.390398,0.756775,0
q30,nimbus-vendor-risk,0.167397,0.378405,0.000000,0.390188,0.167397,0.378405,0.692892,0
q30,nimbus-cert-soc2-2023,0.093707,0.412313,0.000000,0.423591,0.093707,0.412313,0.119768,0
q30,nimbus-retention,0.156340,0.374545,0.009962,0.386371,0.156340,0.374545,0.665513,0
q30,acme-irap,0.111057,0.395470,0.000000,0.407023,0.111057,0.395470,0.740348,0
q30,nimbus-dr,0.106715,0.379281,0.011490,0.391090,0.106715,0.379281,0.730309,0
q30,acme-sla,0.025692,0.424306,0.000000,0.435268,0.025692,0.424306,0.575164,0
q30,nimbus-cert-soc2-2025,0.088052,0.380270,0.000000,0.391992,0.088052,0.380270,0.770464,0
q30,nimbus-breach-history,0.168620,0.019609,0.000000,0.019923,0.168620,0.019609,0.759513,0
q30,nimbus-overview-d,0.162943,0.022194,0.000000,0.022415,0.162943,0.022194,0.185477,0
q30,nimbus-overview-b,0.115915,0.022233,0.000000,0.022471,0.115915,0.022233,0.634484,0
q30,nimbus-hr-onboarding,0.108791,0.018091,0.011490,0.018418,0.108791,0.018091,0.676465,0
q30,nimbus-sla,0.105061,0.020146,0.000000,0.020437,0.105061,0.020146,0.646348,0
q30,acme-dc-2025,0.093374,0.019515,0.011490,0.019832,0.093374,0.019515,0.706581,0
q30,acme-rfi,0.088216,0.020945,0.000000,0.021227,0.088216,0.020945,0.626271,0
q30,nimbus-insurance-2023,0.088850,0.016376,0.000000,0.016650,0.088850,0.016376,0.000000,0
q30,acme-overview,0.075178,0.022519,0.000000,0.022722,0.075178,0.022519,0.544135,0
q30,granite-sla,0.021413,0.018214,0.000000,0.018535,0.021413,0.018214,0.681028,0
q31,nimbus-backup,0.340956,5.820263,4.124531,5.934813,0.340956,5.820263,0.665513,1
q31,nimbus-insurance-2023,0.079702,5.688571,0.000000,5.783891,0.079702,5.688571,0.000000,0
q31,nimbus-overview-d,0.125053,5.225870,0.000000,5.358257,0.125053,5.225870,0.185477,0
q31,nimbus-assurance,0.232980,3.796261,1.962999,4.180862,0.259132,4.180038,0.727571,0
q31,nimbus-breach-policy,0.230811,4.974387,0.000000,5.144316,0.230811,4.974387,0.495767,0
q31,nimbus-cert-soc1,0.092742,5.059037,0.000000,5.163209,0.092742,5.059037,0.636310,0
q31,nimbus-subcontractors,0.108541,4.925857,0.000000,5.034018,0.108541,4.925857,0.630834,0
q31,nimbus-cert-soc2-2023,0.126260,4.599440,0.000000,4.727074,0.126260,4.599440,0.119768,0
q31,nimbus-integrations,0.125761,4.264476,0.000000,4.397438,0.125761,4.264476,0.617145,0
q31,nimbus-enc-at-rest,0.150332,3.441257,0.000000,3.552564,0.150332,3.441257,0.711144,0
q31,nimbus-dr,0.292881,3.063396,0.000000,3.114117,0.292881,3.063396,0.730309,1
q31,acme-dc-2025,0.104340,2.377506,0.000000,2.451634,0.104340,2.377506,0.706581,0
q31,nimbus-retention,0.206619,2.113003,0.000000,2.179719,0.206619,2.113003,0.665513,0
q31,nimbus-hr-offboarding,0.176177,1.937631,0.000000,1.979403,0.176177,1.937631,0.676465,0
q31,nimbus-vendor-risk,0.131549,1.913573,0.000000,1.956075,0.131549,1.913573,0.692892,0
q31,nimbus-ai-governance,0.074898,1.906603,0.000000,1.974926,0.074898,1.906603,0.789629,0
q31,acme-irap,0.139428,1.435675,0.000000,1.478974,0.139428,1.435675,0.740348,0
q31,acme-rfi,0.083216,1.384101,0.000000,1.428073,0.083216,1.384101,0.626271,0
q31,nimbus-sla,0.212181,0.000000,0.000000,0.000000,0.212181,0.000000,0.646348,0
q31,nimbus-infosec-policy,0.136216,0.000000,0.000000,0.000000,0.188414,0.000000,0.607106,0
q31,nimbus-breach-history,0.182691,0.000000,0.000000,0.000000,0.182691,0.000000,0.759513,0
q31,acme-sla,0.181286,0.000000,0.000000,0.000000,0.181286,0.000000,0.575164,0
q31,granite-sla,0.168120,0.000000,0.000000,0.000000,0.168120,0.000000,0.681028,0
q31,nimbus-enc-in-transit,0.160178,0.000000,0.000000,0.000000,0.160178,0.000000,0.711144,0
q31,nimbus-subprocessors,0.157252,0.000000,0.000000,0.000000,0.157252,0.000000,0.756775,0
q31,nimbus-access-control,0.156770,0.000000,0.000000,0.000000,0.156770,0.000000,0.572426,0
q31,nimbus-cert-soc2-2025,0.149820,0.000000,0.000000,0.000000,0.149820,0.000000,0.770464,0
q31,nimbus-model-training,0.143413,0.000000,0.000000,0.000000,0.143413,0.000000,0.789629,0
q31,acme-dc-2022,0.140011,0.000000,0.000000,0.000000,0.140011,0.000000,0.000000,0
q31,nimbus-hr-onboarding,0.123074,0.000000,0.000000,0.000000,0.123074,0.000000,0.676465,0
q31,granite-dd,0.121758,0.000000,0.000000,0.000000,0.121758,0.000000,0.614407,0
q31,nimbus-overview-b,0.120267,0.000000,0.000000,0.000000,0.120267,0.000000,0.634484,0
q31,acme-iso27001,0.111379,0.000000,0.000000,0.000000,0.111379,0.000000,0.533184,0
q31,nimbus-insurance-2026,0.107938,0.000000,0.000000,0.000000,0.107938,0.000000,0.849862,0
q31,nimbus-overview-a,0.106524,0.000000,0.000000,0.000000,0.106524,0.000000,0.564213,0
q31,nimbus-overview-c,0.102822,0.000000,0.000000,0.000000,0.102822,0.000000,0.391728,0
q31,nimbus-partners,0.101309,0.000000,0.000000,0.000000,0.101309,0.000000,0.541397,0
q31,granite-overview,0.061373,0.000000,0.000000,0.000000,0.061373,0.000000,0.526796,0
q31,acme-overview,0.044760,0.000000,0.000000,0.000000,0.044760,0.000000,0.544135,0
q32,nimbus-dr,0.284815,13.240182,3.991465,13.584661,0.284815,13.240182,0.730309,1
q32,nimbus-backup,0.221754,11.372788,0.000000,11.673017,0.221754,11.372788,0.665513,1
q32,nimbus-cert-soc2-2025,0.161452,7.130849,0.000000,7.354198,0.161452,7.130849,0.770464,0
q32,acme-dc-2022,0.173427,5.302247,0.000000,5.411627,0.173427,5.302247,0.000000,0
q32,nimbus-assurance,0.162398,2.693345,0.000000,3.693435,0.164924,4.970277,0.727571,0
q32,acme-irap,0.171438,3.769295,0.000000,3.876442,0.171438,3.769295,0.740348,0
q32,nimbus-integrations,0.136351,3.714647,0.000000,3.824300,0.136351,3.714647,0.617145,0
q32,nimbus-overview-d,0.120158,2.502132,0.000000,2.562882,0.120158,2.502132,0.185477,0
q32,nimbus-partners,0.141471,2.312304,0.000000,2.373182,0.141471,2.312304,0.541397,0
q32,nimbus-subcontractors,0.104807,0.565370,0.189671,0.573496,0.104807,0.565370,0.630834,0
q32,granite-dd,0.135325,0.516050,0.189671,0.525585,0.135325,0.516050,0.614407,0
q32,acme-sla,0.097501,0.601847,0.000000,0.608868,0.097501,0.601847,0.575164,0
q32,acme-iso27001,0.159711,0.568402,0.000000,0.576037,0.159711,0.568402,0.533184,0
q32,nimbus-insurance-2023,0.127495,0.582179,0.000000,0.587733,0.127495,0.582179,0.000000,0
q32,nimbus-hr-offboarding,0.183476,0.546457,0.000000,0.555357,0.183476,0.546457,0.676465,0
q32,nimbus-insurance-2026,0.110602,0.581237,0.000000,0.588659,0.110602,0.581237,0.849862,0
q32,nimbus-retention,0.163180,0.545157,0.000000,0.554108,0.163180,0.545157,0.665513,0
q32,nimbus-cert-soc2-2023,0.103153,0.562838,0.000000,0.570837,0.103153,0.562838,0.119768,0
q32,nimbus-ai-governance,0.110046,0.552642,0.000000,0.561987,0.110046,0.552642,0.789629,0
q32,granite-sla,0.109356,0.542379,0.000000,0.550892,0.109356,0.542379,0.681028,0
q32,nimbus-sla,0.109752,0.529656,0.000000,0.538681,0.109752,0.529656,0.646348,0
q32,nimbus-enc-in-transit,0.109948,0.423937,0.205428,0.434054,0.109948,0.423937,0.711144,0
q32,granite-overview,0.119976,0.482073,0.000000,0.490704,0.119976,0.482073,0.526796,0
q32,nimbus-breach-policy,0.166490,0.452091,0.000000,0.461408,0.166490,0.452091,0.495767,0
q32,nimbus-infosec-policy,0.129720,0.341755,0.000000,0.441100,0.159383,0.449562,0.607106,0
q32,nimbus-subprocessors,0.146284,0.436604,0.000000,0.446553,0.146284,0.436604,0.756775,0
q32,acme-rfi,0.118595,0.446213,0.000000,0.455888,0.118595,0.446213,0.626271,0
q32,nimbus-vendor-risk,0.148450,0.424883,0.000000,0.435100,0.148450,0.424883,0.692892,0
q32,nimbus-breach-history,0.160752,0.405775,0.000000,0.416308,0.160752,0.405775,0.759513,0
q32,acme-overview,0.139542,0.408340,0.000000,0.417934,0.139542,0.408340,0.544135,0
q32,nimbus-model-training,0.139589,0.245347,0.176158,0.248714,0.139589,0.245347,0.789629,0
q32,nimbus-hr-onboarding,0.114632,0.240504,0.000000,0.243761,0.114632,0.240504,0.676465,0
q32,nimbus-enc-at-rest,0.107450,0.140524,0.205428,0.145069,0.107450,0.140524,0.711144,0
q32,nimbus-overview-b,0.158958,0.201910,0.000000,0.206128,0.158958,0.201910,0.634484,0
q32,acme-dc-2025,0.113686,0.200001,0.000000,0.204279,0.113686,0.200001,0.706581,0
q32,nimbus-overview-a,0.138804,0.143707,0.000000,0.148216,0.138804,0.143707,0.564213,0
q32,nimbus-overview-c,0.150490,0.000000,0.000000,0.000000,0.150490,0.000000,0.391728,0
q32,nimbus-cert-soc1,0.120456,0.000000,0.000000,0.000000,0.120456,0.000000,0.636310,0
q32,nimbus-access-control,0.102778,0.000000,0.000000,0.000000,0.102778,0.000000,0.572426,0
q33,nimbus-infosec-policy,0.266878,3.276820,2.423035,5.122270,0.295779,6.842232,0.607106,1
q33,nimbus-integrations,0.171784,6.199113,0.000000,6.380103,0.171784,6.199113,0.617145,0
q33,nimbus-overview-d,0.231100,4.152676,0.000000,4.241389,0.231100,4.152676,0.185477,0
q33,nimbus-overview-c,0.262615,4.112928,0.000000,4.214565,0.262615,4.112928,0.391728,0
q33,nimbus-overview-b,0.258241,3.915402,0.000000,4.022197,0.258241,3.915402,0.634484,0
q33,acme-dc-2025,0.136280,3.589886,0.000000,3.689294,0.136280,3.589886,0.706581,0
q33,nimbus-overview-a,0.251036,3.472765,0.000000,3.563250,0.251036,3.472765,0.564213,0
q33,acme-irap,0.193002,3.315447,0.000000,3.406616,0.193002,3.315447,0.740348,0
q33,nimbus-vendor-risk,0.213607,3.145943,0.000000,3.231535,0.213607,3.145943,0.692892,0
q33,nimbus-partners,0.153546,3.093492,0.000000,3.174936,0.153546,3.093492,0.541397,0
q33,nimbus-hr-offboarding,0.209585,2.766339,0.000000,2.849978,0.209585,2.766339,0.676465,0
q33,nimbus-breach-history,0.206118,1.658523,0.721255,1.698451,0.206118,1.658523,0.759513,0
q33,nimbus-hr-onboarding,0.204873,1.670771,0.610608,1.710717,0.204873,1.670771,0.676465,0
q33,nimbus-retention,0.151819,1.952624,0.000000,1.989605,0.151819,1.952624,0.665513,0
q33,nimbus-cert-soc2-2025,0.197436,1.699426,0.000000,1.748561,0.197436,1.699426,0.770464,0
q33,nimbus-ai-governance,0.164994,1.500773,0.000000,1.551438,0.164994,1.500773,0.789629,0
q33,nimbus-access-control,0.228487,1.293365,0.000000,1.318654,0.228487,1.293365,0.572426,0
q33,nimbus-assurance,0.202502,0.703740,0.661335,1.020816,0.226673,0.924365,0.727571,0
q33,acme-sla,0.096322,1.331882,0.000000,1.354856,0.096322,1.331882,0.575164,0
q33,nimbus-enc-in-transit,0.188274,1.072489,0.175445,1.099855,0.188274,1.072489,0.711144,0
q33,granite-overview,0.180864,1.158357,0.000000,1.183515,0.180864,1.158357,0.526796,0
q33,nimbus-sla,0.112452,1.181642,0.000000,1.208276,0.112452,1.181642,0.646348,0
q33,acme-iso27001,0.195224,1.054942,0.000000,1.081398,0.195224,1.054942,0.533184,0
q33,nimbus-subprocessors,0.200741,1.027819,0.000000,1.056085,0.200741,1.027819,0.756775,0
q33,nimbus-dr,0.159383,1.041291,0.000000,1.068786,0.159383,1.041291,0.730309,0
q33,granite-sla,0.122207,1.023087,0.000000,1.050271,0.122207,1.023087,0.681028,0
q33,nimbus-cert-soc2-2023,0.215743,0.956124,0.000000,0.980346,0.215743,0.956124,0.119768,0
q33,nimbus-model-training,0.109748,0.825521,0.150448,0.848903,0.109748,0.825521,0.789629,0
q33,nimbus-cert-soc1,0.227093,0.717708,0.000000,0.736950,0.227093,0.717708,0.636310,0
q33,nimbus-enc-at-rest,0.208291,0.651388,0.000000,0.661488,0.208291,0.651388,0.711144,0
q33,acme-overview,0.159537,0.659418,0.000000,0.668334,0.159537,0.659418,0.544135,0
q33,acme-rfi,0.097158,0.682826,0.000000,0.704519,0.097158,0.682826,0.626271,0
q33,nimbus-breach-policy,0.210322,0.608087,0.000000,0.628860,0.210322,0.608087,0.495767,0
q33,nimbus-subcontractors,0.220678,0.497826,0.161988,0.509659,0.220678,0.497826,0.630834,0
q33,acme-dc-2022,0.157794,0.596829,0.000000,0.605788,0.157794,0.596829,0.000000,0
q33,nimbus-backup,0.170264,0.581095,0.000000,0.592531,0.170264,0.581095,0.665513,0
q33,nimbus-insurance-2023,0.210640,0.230862,0.000000,0.234731,0.210640,0.230862,0.000000,0
q33,granite-dd,0.180892,0.237468,0.000000,0.244679,0.180892,0.237468,0.614407,0
q33,nimbus-insurance-2026,0.182836,0.194292,0.000000,0.199312,0.182836,0.194292,0.849862,0
q34,nimbus-vendor-risk,0.327820,6.242324,1.962999,6.351042,0.327820,6.242324,0.692892,0
q34,nimbus-infosec-policy,0.279463,3.405404,0.610608,5.291743,0.318583,6.269137,0.607106,1
q34,nimbus-breach-policy,0.265333,5.284007,0.011490,5.452310,0.265333,5.284007,0.495767,0
q34,acme-irap,0.247461,3.295245,0.000000,3.385430,0.247461,3.295245,0.740348,0
q34,nimbus-assurance,0.272954,2.080576,0.673780,2.797930,0.282288,2.918997,0.727571,0
q34,nimbus-cert-soc2-2023,0.203879,2.340259,0.000000,2.405037,0.203879,2.340259,0.119768,0
q34,nimbus-ai-governance,0.206819,2.304098,0.000000,2.358638,0.206819,2.304098,0.789629,0
q34,nimbus-breach-history,0.201643,1.823570,0.721255,1.879404,0.201643,1.823570,0.759513,0
q34,nimbus-access-control,0.249693,1.795406,0.012445,1.839176,0.249693,1.795406,0.572426,0
q34,granite-dd,0.162672,1.765448,0.000000,1.810025,0.162672,1.765448,0.614407,0
q34,nimbus-backup,0.185830,1.725272,0.012445,1.770544,0.185830,1.725272,0.665513,0
q34,nimbus-hr-offboarding,0.166543,1.726876,0.012445,1.772221,0.166543,1.726876,0.676465,0
q34,acme-sla,0.106700,1.698687,0.000000,1.742573,0.106700,1.698687,0.575164,0
q34,nimbus-overview-c,0.220386,1.527275,0.000000,1.554396,0.220386,1.527275,0.391728,0
q34,nimbus-overview-a,0.212938,1.288427,0.000000,1.319470,0.212938,1.288427,0.564213,0
q34,nimbus-cert-soc1,0.233248,1.258423,0.000000,1.287322,0.233248,1.258423,0.636310,0
q34,nimbus-overview-d,0.218694,1.128613,0.000000,1.142629,0.218694,1.128613,0.185477,0
q34,nimbus-hr-onboarding,0.226406,0.732223,0.622098,0.751866,0.226406,0.732223,0.676465,0
q34,nimbus-retention,0.172501,1.021032,0.009962,1.053271,0.172501,1.021032,0.665513,0
q34,nimbus-cert-soc2-2025,0.172666,1.018125,0.000000,1.050357,0.172666,1.018125,0.770464,0
q34,nimbus-overview-b,0.235491,0.934671,0.000000,0.953970,0.235491,0.934671,0.634484,0
q34,nimbus-insurance-2026,0.154086,0.639117,0.000000,0.647227,0.154086,0.639117,0.849862,0
q34,nimbus-enc-in-transit,0.182859,0.620260,0.000000,0.629213,0.182859,0.620260,0.711144,0
q34,nimbus-model-training,0.168705,0.593653,0.000000,0.603725,0.168705,0.593653,0.789629,0
q34,nimbus-subcontractors,0.162433,0.548417,0.000000,0.558822,0.162433,0.548417,0.630834,0
q34,acme-dc-2022,0.124333,0.469931,0.000000,0.479625,0.124333,0.469931,0.000000,0
q34,acme-iso27001,0.153323,0.439156,0.000000,0.449830,0.153323,0.439156,0.533184,0
q34,nimbus-subprocessors,0.230053,0.390398,0.012445,0.402045,0.230053,0.390398,0.756775,0
q34,nimbus-partners,0.144537,0.426980,0.012445,0.437948,0.144537,0.426980,0.541397,0
q34,nimbus-enc-at-rest,0.210007,0.372649,0.000000,0.384536,0.210007,0.372649,0.711144,0
q34,nimbus-integrations,0.153989,0.388567,0.013572,0.400186,0.153989,0.388567,0.617145,0
q34,nimbus-dr,0.170823,0.379281,0.011490,0.391090,0.170823,0.379281,0.730309,0
q34,nimbus-sla,0.180766,0.020146,0.000000,0.020437,0.180766,0.020146,0.646348,0
q34,granite-overview,0.137140,0.018784,0.000000,0.019083,0.137140,0.018784,0.526796,0
q34,nimbus-insurance-2023,0.140830,0.016376,0.000000,0.016650,0.140830,0.016376,0.000000,0
q34,acme-dc-2025,0.122322,0.019515,0.011490,0.019832,0.122322,0.019515,0.706581,0
q34,acme-rfi,0.130244,0.020945,0.000000,0.021227,0.130244,0.020945,0.626271,0
q34,granite-sla,0.086273,0.018214,0.000000,0.018535,0.086273,0.018214,0.681028,0
q34,acme-overview,0.057952,0.022519,0.000000,0.022722,0.057952,0.022519,0.544135,0
q35,nimbus-assurance,0.219099,6.372742,1.962999,9.624594,0.273813,12.549006,0.727571,1
q35,nimbus-subcontractors,0.187579,5.567317,0.000000,5.693716,0.187579,5.567317,0.630834,0
q35,nimbus-cert-soc1,0.172453,3.904923,0.000000,3.972927,0.172453,3.904923,0.636310,0
q35,acme-dc-2025,0.122385,2.610651,0.000000,2.692048,0.122385,2.610651,0.706581,0
q35,nimbus-partners,0.176847,2.498956,0.000000,2.561678,0.176847,2.498956,0.541397,0
q35,nimbus-hr-onboarding,0.168593,2.463298,0.000000,2.526835,0.168593,2.463298,0.676465,0
q35,acme-overview,0.125439,2.361166,0.000000,2.416640,0.125439,2.361166,0.544135,0
q35,nimbus-subprocessors,0.172516,2.034283,0.000000,2.096477,0.172516,2.034283,0.756775,0
q35,nimbus-model-training,0.128188,1.733899,0.000000,1.789652,0.128188,1.733899,0.789629,0
q35,nimbus-infosec-policy,0.152971,0.770692,0.000000,1.148203,0.181070,1.751405,0.607106,0
q35,nimbus-vendor-risk,0.149581,0.317989,1.962999,0.325052,0.149581,0.317989,0.692892,0
q35,nimbus-dr,0.145617,0.418791,0.000000,0.423490,0.145617,0.418791,0.730309,0
q35,nimbus-cert-soc2-2023,0.177817,0.385492,0.000000,0.390885,0.177817,0.385492,0.119768,0
q35,nimbus-overview-c,0.243838,0.344741,0.000000,0.350899,0.243838,0.344741,0.391728,0
q35,nimbus-backup,0.145236,0.379775,0.000000,0.385423,0.145236,0.379775,0.665513,0
q35,granite-dd,0.152752,0.374226,0.000000,0.380111,0.152752,0.374226,0.614407,0
q35,nimbus-retention,0.138376,0.368837,0.000000,0.374944,0.138376,0.368837,0.665513,0
q35,nimbus-hr-offboarding,0.187400,0.321987,0.000000,0.328928,0.187400,0.321987,0.676465,0
q35,nimbus-sla,0.145244,0.336807,0.000000,0.343256,0.145244,0.336807,0.646348,0
q35,nimbus-enc-in-transit,0.120575,0.336807,0.000000,0.343256,0.120575,0.336807,0.711144,0
q35,nimbus-integrations,0.140829,0.323002,0.000000,0.329912,0.140829,0.323002,0.617145,0
q35,nimbus-insurance-2023,0.156447,0.311002,0.000000,0.316213,0.156447,0.311002,0.000000,0
q35,nimbus-overview-b,0.251858,0.236372,0.000000,0.243599,0.251858,0.236372,0.634484,0
q35,nimbus-overview-d,0.165452,0.264439,0.000000,0.271138,0.165452,0.264439,0.185477,0
q35,acme-dc-2022,0.107087,0.289881,0.000000,0.295861,0.107087,0.289881,0.000000,0
q35,granite-overview,0.135826,0.270015,0.000000,0.276576,0.135826,0.270015,0.526796,0
q35,nimbus-insurance-2026,0.145253,0.261737,0.000000,0.268499,0.145253,0.261737,0.849862,0
q35,nimbus-access-control,0.147245,0.253951,0.000000,0.260880,0.147245,0.253951,0.572426,0
q35,nimbus-cert-soc2-2025,0.191881,0.227956,0.000000,0.235286,0.191881,0.227956,0.770464,0
q35,nimbus-breach-history,0.161335,0.235286,0.000000,0.242528,0.161335,0.235286,0.759513,0
q35,acme-rfi,0.132128,0.230004,0.000000,0.237311,0.132128,0.230004,0.626271,0
q35,nimbus-ai-governance,0.139840,0.208473,0.000000,0.215944,0.139840,0.208473,0.789629,0
q35,nimbus-overview-a,0.226698,0.000000,0.000000,0.000000,0.226698,0.000000,0.564213,0
q35,nimbus-breach-policy,0.151927,0.000000,0.000000,0.000000,0.151927,0.000000,0.495767,0
q35,granite-sla,0.144085,0.000000,0.000000,0.000000,0.144085,0.000000,0.681028,0
q35,acme-iso27001,0.140593,0.000000,0.000000,0.000000,0.140593,0.000000,0.533184,0
q35,acme-irap,0.128647,0.000000,0.000000,0.000000,0.128647,0.000000,0.740348,0
q35,acme-sla,0.104536,0.000000,0.000000,0.000000,0.104536,0.000000,0.575164,0
q35,nimbus-enc-at-rest,0.101171,0.000000,0.000000,0.000000,0.101171,0.000000,0.711144,0
q36,nimbus-assurance,0.306036,8.284994,2.624334,9.923313,0.319815,8.405850,0.727571,1
q36,nimbus-integrations,0.214858,8.112462,0.669864,8.357186,0.214858,8.112462,0.617145,0
q36,acme-rfi,0.184258,5.711145,0.000000,5.884969,0.184258,5.711145,0.626271,0
q36,nimbus-overview-d,0.213481,5.015851,0.000000,5.113914,0.213481,5.015851,0.185477,0
q36,nimbus-dr,0.191968,5.022471,0.000000,5.126832,0.191968,5.022471,0.730309,0
q36,nimbus-backup,0.200187,3.993135,1.962999,4.083238,0.200187,3.993135,0.665513,0
q36,nimbus-overview-b,0.269836,4.508436,0.000000,4.621628,0.269836,4.508436,0.634484,0
q36,nimbus-cert-soc2-2023,0.191035,4.227665,0.000000,4.344983,0.191035,4.227665,0.119768,0
q36,nimbus-overview-c,0.243694,4.140033,0.000000,4.219942,0.243694,4.140033,0.391728,0
q36,nimbus-infosec-policy,0.200388,2.441772,0.610608,3.432021,0.204939,4.298297,0.607106,0
q36,acme-irap,0.196505,4.094374,0.000000,4.209035,0.196505,4.094374,0.740348,0
q36,nimbus-partners,0.211745,4.049730,0.000000,4.140369,0.211745,4.049730,0.541397,0
q36,acme-overview,0.139365,3.844937,0.000000,3.935272,0.139365,3.844937,0.544135,0
q36,nimbus-overview-a,0.242764,3.758231,0.000000,3.845773,0.242764,3.758231,0.564213,0
q36,nimbus-cert-soc1,0.258880,3.679419,0.000000,3.759352,0.258880,3.679419,0.636310,0
q36,nimbus-model-training,0.182616,3.674057,0.000000,3.755661,0.182616,3.674057,0.789629,0
q36,nimbus-insurance-2023,0.131106,2.844285,0.000000,2.891946,0.131106,2.844285,0.000000,0
q36,nimbus-subcontractors,0.250522,2.661749,0.000000,2.729895,0.250522,2.661749,0.630834,0
q36,nimbus-ai-governance,0.205312,2.489941,0.000000,2.579168,0.205312,2.489941,0.789629,0
q36,nimbus-subprocessors,0.240750,1.632795,0.000000,1.666905,0.240750,1.632795,0.756775,0
q36,nimbus-vendor-risk,0.228070,1.617088,0.000000,1.653520,0.228070,1.617088,0.692892,0
q36,nimbus-breach-history,0.230584,1.225046,0.721255,1.262749,0.230584,1.225046,0.759513,0
q36,nimbus-enc-in-transit,0.244107,1.565507,0.000000,1.597118,0.244107,1.565507,0.711144,0
q36,nimbus-sla,0.171148,1.472125,0.000000,1.505853,0.171148,1.472125,0.646348,0
q36,nimbus-cert-soc2-2025,0.187328,1.403723,0.000000,1.441243,0.187328,1.403723,0.770464,0
q36,acme-dc-2022,0.170469,1.411412,0.000000,1.440528,0.170469,1.411412,0.000000,0
q36,nimbus-enc-at-rest,0.213834,1.353280,0.000000,1.389437,0.213834,1.353280,0.711144,0
q36,nimbus-breach-policy,0.162909,1.131491,0.000000,1.170143,0.162909,1.131491,0.495767,0
q36,nimbus-hr-onboarding,0.195442,0.714132,0.610608,0.733448,0.195442,0.714132,0.676465,0
q36,granite-sla,0.121919,0.669925,0.736604,0.687725,0.121919,0.669925,0.681028,0
q36,acme-dc-2025,0.169251,0.892617,0.000000,0.907151,0.169251,0.892617,0.706581,0
q36,nimbus-hr-offboarding,0.206606,0.775496,0.000000,0.792214,0.206606,0.775496,0.676465,0
q36,granite-overview,0.109656,0.701709,0.000000,0.718759,0.109656,0.701709,0.526796,0
q36,acme-sla,0.094552,0.680195,0.000000,0.697768,0.094552,0.680195,0.575164,0
q36,acme-iso27001,0.170761,0.640199,0.000000,0.656254,0.170761,0.640199,0.533184,0
q36,nimbus-retention,0.140118,0.646487,0.000000,0.666899,0.140118,0.646487,0.665513,0
q36,nimbus-access-control,0.198099,0.611633,0.000000,0.628321,0.198099,0.611633,0.572426,0
q36,granite-dd,0.129240,0.000000,0.000000,0.000000,0.129240,0.000000,0.614407,0
q36,nimbus-insurance-2026,0.119368,0.000000,0.000000,0.000000,0.119368,0.000000,0.849862,0
q37,nimbus-infosec-policy,0.206378,2.416148,0.000000,3.533136,0.254711,5.728578,0.607106,1
q37,nimbus-integrations,0.134621,4.395252,0.000000,4.520000,0.134621,4.395252,0.617145,0
q37,nimbus-assurance,0.253004,3.453482,0.000000,4.143660,0.260009,4.595200,0.727571,1
q37,nimbus-overview-d,0.140345,3.285396,0.000000,3.368624,0.140345,3.285396,0.185477,0
q37,nimbus-access-control,0.181794,1.299515,0.000000,1.323210,0.181794,1.299515,0.572426,0
q37,acme-sla,0.155610,1.286378,0.000000,1.308176,0.155610,1.286378,0.575164,0
q37,nimbus-retention,0.187898,1.249726,0.000000,1.273038,0.187898,1.249726,0.665513,0
q37,nimbus-enc-in-transit,0.187941,1.151843,0.000000,1.176191,0.187941,1.151843,0.711144,0
q37,nimbus-overview-c,0.171541,1.111784,0.000000,1.136752,0.171541,1.111784,0.391728,0
q37,nimbus-hr-offboarding,0.181917,1.096630,0.000000,1.122365,0.181917,1.096630,0.676465,0
q37,nimbus-model-training,0.092929,1.081903,0.000000,1.107967,0.092929,1.081903,0.789629,0
q37,acme-iso27001,0.130125,1.008730,0.000000,1.034027,0.130125,1.008730,0.533184,0
q37,nimbus-dr,0.268473,0.876780,0.000000,0.904463,0.268473,0.876780,0.730309,0
q37,nimbus-subprocessors,0.169951,0.897010,0.000000,0.924434,0.169951,0.897010,0.756775,0
q37,nimbus-cert-soc2-2025,0.190568,0.865074,0.000000,0.892890,0.190568,0.865074,0.770464,0
q37,nimbus-sla,0.204571,0.749882,0.000000,0.764240,0.204571,0.749882,0.646348,0
q37,nimbus-breach-history,0.208845,0.723709,0.000000,0.738950,0.208845,0.723709,0.759513,0
q37,nimbus-breach-policy,0.234288,0.608538,0.000000,0.617644,0.234288,0.608538,0.495767,0
q37,nimbus-insurance-2026,0.160294,0.617013,0.000000,0.624898,0.160294,0.617013,0.849862,0
q37,granite-sla,0.164034,0.573943,0.000000,0.589193,0.164034,0.573943,0.681028,0
q37,granite-overview,0.106570,0.601173,0.000000,0.615781,0.106570,0.601173,0.526796,0
q37,nimbus-hr-onboarding,0.159439,0.568224,0.000000,0.583594,0.159439,0.568224,0.676465,0
q37,granite-dd,0.125260,0.586960,0.000000,0.596190,0.125260,0.586960,0.614407,0
q37,nimbus-backup,0.217463,0.523111,0.000000,0.533406,0.217463,0.523111,0.665513,0
q37,nimbus-overview-b,0.187619,0.526269,0.000000,0.542358,0.187619,0.526269,0.634484,0
q37,nimbus-cert-soc1,0.161374,0.540715,0.000000,0.550372,0.161374,0.540715,0.636310,0
q37,nimbus-subcontractors,0.132560,0.528270,0.000000,0.538385,0.132560,0.528270,0.630834,0
q37,acme-rfi,0.111490,0.512090,0.000000,0.528359,0.111490,0.512090,0.626271,0
q37,acme-dc-2025,0.093730,0.519083,0.000000,0.535267,0.093730,0.519083,0.706581,0
q37,nimbus-ai-governance,0.125978,0.464153,0.000000,0.480786,0.125978,0.464153,0.789629,0
q37,acme-dc-2022,0.100808,0.454668,0.000000,0.464047,0.100808,0.454668,0.000000,0
q37,nimbus-cert-soc2-2023,0.199592,0.394402,0.000000,0.405347,0.199592,0.394402,0.119768,0
q37,acme-irap,0.205083,0.374195,0.000000,0.385481,0.205083,0.374195,0.740348,0
q37,nimbus-partners,0.112739,0.406372,0.000000,0.417071,0.112739,0.406372,0.541397,0
q37,nimbus-overview-a,0.184748,0.364022,0.000000,0.375444,0.184748,0.364022,0.564213,0
q37,nimbus-vendor-risk,0.189179,0.357542,0.000000,0.369038,0.189179,0.357542,0.692892,0
q37,nimbus-enc-at-rest,0.129582,0.355957,0.000000,0.367471,0.129582,0.355957,0.711144,0
q37,nimbus-insurance-2023,0.155903,0.000000,0.000000,0.000000,0.155903,0.000000,0.000000,0
q37,acme-overview,0.076565,0.000000,0.000000,0.000000,0.076565,0.000000,0.544135,0
q38,nimbus-overview-d,0.138893,3.330274,3.542765,3.412387,0.138893,3.330274,0.185477,0
q38,nimbus-vendor-risk,0.188219,4.244201,0.000000,4.377227,0.188219,4.244201,0.692892,1
q38,nimbus-subcontractors,0.188249,3.864523,0.161988,3.970140,0.188249,3.864523,0.630834,1
q38,granite-sla,0.108633,3.976171,0.000000,4.078597,0.108633,3.976171,0.681028,0
q38,nimbus-integrations,0.156287,3.433902,0.000000,3.537549,0.156287,3.433902,0.617145,0
q38,nimbus-overview-b,0.195383,2.441332,1.313181,2.490940,0.195383,2.441332,0.634484,0
q38,nimbus-overview-a,0.196808,2.355791,1.313181,2.406579,0.196808,2.355791,0.564213,0
q38,nimbus-model-training,0.152008,2.891019,0.150448,2.979456,0.152008,2.891019,0.789629,0
q38,nimbus-breach-policy,0.101848,2.785402,0.000000,2.874428,0.101848,2.785402,0.495767,0
q38,nimbus-overview-c,0.192078,1.733913,1.313181,1.780401,0.192078,1.733913,0.391728,0
q38,nimbus-breach-history,0.141717,1.893609,0.000000,1.945848,0.141717,1.893609,0.759513,0
q38,acme-overview,0.161836,0.468783,1.894425,0.476170,0.161836,0.468783,0.544135,0
q38,nimbus-dr,0.136559,0.542629,0.000000,0.549888,0.136559,0.542629,0.730309,0
q38,acme-dc-2025,0.131895,0.522682,0.000000,0.530021,0.131895,0.522682,0.706581,0
q38,nimbus-cert-soc2-2025,0.148787,0.503319,0.000000,0.511215,0.148787,0.503319,0.770464,0
q38,nimbus-cert-soc2-2023,0.114626,0.519686,0.000000,0.526882,0.114626,0.519686,0.119768,0
q38,nimbus-enc-in-transit,0.151690,0.392501,0.175445,0.401724,0.151690,0.392501,0.711144,0
q38,nimbus-backup,0.150419,0.454088,0.000000,0.463025,0.150419,0.454088,0.665513,0
q38,acme-iso27001,0.140188,0.458849,0.000000,0.466364,0.140188,0.458849,0.533184,0
q38,granite-overview,0.130023,0.447820,0.000000,0.455618,0.130023,0.447820,0.526796,0
q38,acme-irap,0.067989,0.459986,0.000000,0.467323,0.067989,0.459986,0.740348,0
q38,acme-sla,0.074432,0.454217,0.000000,0.461888,0.074432,0.454217,0.575164,0
q38,nimbus-assurance,0.143252,0.364840,0.000000,0.409970,0.156916,0.414936,0.727571,0
q38,nimbus-subprocessors,0.157952,0.406619,0.000000,0.415651,0.157952,0.406619,0.756775,1
q38,nimbus-insurance-2023,0.102861,0.423432,0.000000,0.430527,0.102861,0.423432,0.000000,0
q38,nimbus-sla,0.085215,0.420863,0.000000,0.429513,0.085215,0.420863,0.646348,0
q38,nimbus-infosec-policy,0.121564,0.280137,0.000000,0.411338,0.134249,0.387966,0.607106,0
q38,nimbus-ai-governance,0.095772,0.404273,0.000000,0.413201,0.095772,0.404273,0.789629,0
q38,nimbus-insurance-2026,0.072944,0.410666,0.000000,0.419386,0.072944,0.410666,0.849862,0
q38,acme-rfi,0.050067,0.417036,0.000000,0.425783,0.050067,0.417036,0.626271,0
q38,nimbus-partners,0.155307,0.352753,0.000000,0.362040,0.155307,0.352753,0.541397,1
q38,nimbus-enc-at-rest,0.105893,0.375842,0.000000,0.385652,0.105893,0.375842,0.711144,0
q38,acme-dc-2022,0.118751,0.306949,0.000000,0.309927,0.118751,0.306949,0.000000,0
q38,nimbus-hr-onboarding,0.127193,0.240504,0.000000,0.243761,0.127193,0.240504,0.676465,0
q38,granite-dd,0.143108,0.231718,0.000000,0.235362,0.143108,0.231718,0.614407,0
q38,nimbus-retention,0.141209,0.198747,0.000000,0.203065,0.141209,0.198747,0.665513,0
q38,nimbus-hr-offboarding,0.137120,0.199372,0.000000,0.203670,0.137120,0.199372,0.676465,0
q38,nimbus-access-control,0.093060,0.188512,0.000000,0.193656,0.093060,0.188512,0.572426,0
q38,nimbus-cert-soc1,0.148934,0.000000,0.000000,0.000000,0.148934,0.000000,0.636310,0
q39,nimbus-vendor-risk,0.250289,8.019382,3.312294,8.223808,0.250289,8.019382,0.692892,0
q39,nimbus-cert-soc1,0.182422,9.542978,0.000000,9.793608,0.182422,9.542978,0.636310,0
q39,nimbus-breach-policy,0.194259,8.227755,0.411241,8.494786,0.194259,8.227755,0.495767,0
q39,nimbus-subcontractors,0.178956,4.927272,0.000000,5.067362,0.178956,4.927272,0.630834,0
q39,acme-dc-2022,0.141256,4.610387,0.534158,4.700262,0.141256,4.610387,0.000000,0
q39,nimbus-ai-governance,0.167228,4.715820,0.000000,4.884811,0.167228,4.715820,0.789629,0
q39,nimbus-insurance-2026,0.129178,4.544444,0.000000,4.640460,0.129178,4.544444,0.849862,0
q39,nimbus-subprocessors,0.269269,4.446716,0.000000,4.576716,0.269269,4.446716,0.756775,1
q39,nimbus-model-training,0.189366,3.793961,0.381944,3.909995,0.189366,3.793961,0.789629,0
q39,nimbus-cert-soc2-2023,0.191653,3.909543,0.000000,4.012728,0.191653,3.909543,0.119768,0
q39,acme-overview,0.084071,3.696980,0.000000,3.783839,0.084071,3.696980,0.544135,0
q39,nimbus-hr-onboarding,0.188014,2.765793,1.659830,2.837512,0.188014,2.765793,0.676465,0
q39,acme-rfi,0.138580,3.532800,0.000000,3.645035,0.138580,3.532800,0.626271,0
q39,nimbus-assurance,0.174556,2.101356,0.000000,2.896030,0.199271,4.006235,0.727571,0
q39,nimbus-insurance-2023,0.093147,3.155287,0.000000,3.208159,0.093147,3.155287,0.000000,0
q39,acme-dc-2025,0.154026,2.760519,0.581174,2.832990,0.154026,2.760519,0.706581,0
q39,granite-overview,0.105230,2.983528,0.000000,3.033289,0.105230,2.983528,0.526796,0
q39,nimbus-overview-c,0.162446,2.506640,0.000000,2.555736,0.162446,2.506640,0.391728,0
q39,nimbus-integrations,0.223756,2.455240,0.000000,2.528631,0.223756,2.455240,0.617145,0
q39,nimbus-infosec-policy,0.175205,1.312063,0.000000,2.036581,0.178462,2.393093,0.607106,0
q39,nimbus-overview-d,0.132980,1.977555,0.000000,2.012883,0.132980,1.977555,0.185477,0
q39,nimbus-dr,0.101863,1.979123,0.000000,2.033088,0.101863,1.979123,0.730309,0
q39,nimbus-overview-a,0.171019,1.567402,0.000000,1.616583,0.171019,1.567402,0.564213,0
q39,nimbus-retention,0.165221,1.063923,0.000000,1.081539,0.165221,1.063923,0.665513,0
q39,nimbus-enc-in-transit,0.160822,0.803811,0.445406,0.823537,0.160822,0.803811,0.711144,0
q39,nimbus-enc-at-rest,0.137210,0.688477,0.445406,0.700249,0.137210,0.688477,0.711144,0
q39,nimbus-breach-history,0.147575,0.847859,0.000000,0.868000,0.147575,0.847859,0.759513,0
q39,nimbus-overview-b,0.158294,0.681824,0.000000,0.702670,0.158294,0.681824,0.634484,0
q39,acme-sla,0.129415,0.493253,0.000000,0.505996,0.129415,0.493253,0.575164,0
q39,acme-irap,0.169047,0.449602,0.000000,0.463162,0.169047,0.449602,0.740348,0
q39,nimbus-backup,0.137157,0.379775,0.000000,0.385423,0.137157,0.379775,0.665513,0
q39,granite-dd,0.116912,0.374226,0.000000,0.380111,0.116912,0.374226,0.614407,0
q39,nimbus-partners,0.145052,0.347077,0.000000,0.353145,0.145052,0.347077,0.541397,0
q39,nimbus-hr-offboarding,0.159106,0.321987,0.000000,0.328928,0.159106,0.321987,0.676465,0
q39,nimbus-sla,0.118347,0.336807,0.000000,0.343256,0.118347,0.336807,0.646348,0
q39,nimbus-cert-soc2-2025,0.200949,0.227956,0.000000,0.235286,0.200949,0.227956,0.770464,0
q39,nimbus-access-control,0.140706,0.253951,0.000000,0.260880,0.140706,0.253951,0.572426,0
q39,granite-sla,0.127965,0.000000,0.000000,0.000000,0.127965,0.000000,0.681028,0
q39,acme-iso27001,0.123054,0.000000,0.000000,0.000000,0.123054,0.000000,0.533184,0
q40,nimbus-breach-history,0.280331,8.619952,2.140854,8.881840,0.280331,8.619952,0.759513,1
q40,nimbus-breach-policy,0.280605,5.329583,0.000000,5.480049,0.280605,5.329583,0.495767,1
q40,nimbus-infosec-policy,0.180557,2.179499,0.000000,3.369185,0.199366,5.057725,0.607106,0
q40,nimbus-cert-soc2-2023,0.210101,3.928101,0.000000,4.023213,0.210101,3.928101,0.119768,0
q40,acme-rfi,0.160744,3.375739,0.000000,3.478482,0.160744,3.375739,0.626271,0
q40,nimbus-subprocessors,0.181182,2.836411,0.000000,2.921174,0.181182,2.836411,0.756775,0
q40,acme-sla,0.121814,2.555796,0.000000,2.621826,0.121814,2.555796,0.575164,0
q40,granite-sla,0.141044,2.517208,0.000000,2.584091,0.141044,2.517208,0.681028,0
q40,nimbus-overview-d,0.143279,0.746739,3.542765,0.763777,0.143279,0.746739,0.185477,0
q40,nimbus-ai-governance,0.151480,2.384202,0.000000,2.464975,0.151480,2.384202,0.789629,0
q40,nimbus-cert-soc1,0.228897,0.992260,0.000000,1.006501,0.228897,0.992260,0.636310,0
q40,nimbus-dr,0.132163,1.036329,0.000000,1.050045,0.132163,1.036329,0.730309,0
q40,nimbus-assurance,0.186583,0.794031,0.000000,0.946195,0.210639,0.986275,0.727571,0
q40,nimbus-hr-onboarding,0.180324,0.899916,0.000000,0.916157,0.180324,0.899916,0.676465,0
q40,granite-dd,0.171809,0.895491,0.000000,0.911725,0.171809,0.895491,0.614407,0
q40,nimbus-partners,0.107539,0.909063,0.000000,0.924955,0.107539,0.909063,0.541397,0
q40,nimbus-backup,0.098526,0.910796,0.000000,0.926491,0.098526,0.910796,0.665513,0
q40,nimbus-retention,0.156886,0.880732,0.000000,0.897463,0.156886,0.880732,0.665513,0
q40,nimbus-enc-in-transit,0.143921,0.827056,0.000000,0.844316,0.143921,0.827056,0.711144,0
q40,nimbus-vendor-risk,0.215731,0.777127,0.000000,0.795791,0.215731,0.777127,0.692892,0
q40,nimbus-sla,0.108057,0.827056,0.000000,0.844316,0.108057,0.827056,0.646348,0
q40,nimbus-hr-offboarding,0.171931,0.787681,0.000000,0.806073,0.171931,0.787681,0.676465,0
q40,nimbus-integrations,0.160597,0.790365,0.000000,0.808686,0.160597,0.790365,0.617145,0
q40,acme-dc-2022,0.120039,0.811131,0.000000,0.826144,0.120039,0.811131,0.000000,0
q40,nimbus-overview-c,0.194333,0.689483,0.000000,0.701797,0.194333,0.689483,0.391728,0
q40,granite-overview,0.124976,0.707222,0.000000,0.724406,0.124976,0.707222,0.526796,0
q40,nimbus-subcontractors,0.115957,0.704164,0.000000,0.722248,0.115957,0.704164,0.630834,0
q40,nimbus-cert-soc2-2025,0.206916,0.652809,0.000000,0.671842,0.206916,0.652809,0.770464,0
q40,nimbus-access-control,0.173979,0.665146,0.000000,0.683294,0.173979,0.665146,0.572426,0
q40,nimbus-overview-b,0.204436,0.619104,0.000000,0.638032,0.204436,0.619104,0.634484,0
q40,nimbus-insurance-2023,0.151312,0.622003,0.000000,0.632426,0.151312,0.622003,0.000000,0
q40,nimbus-insurance-2026,0.160847,0.523473,0.000000,0.536997,0.160847,0.523473,0.849862,0
q40,acme-overview,0.101457,0.548708,0.000000,0.561600,0.101457,0.548708,0.544135,0
q40,acme-dc-2025,0.121320,0.466289,0.000000,0.480827,0.121320,0.466289,0.706581,0
q40,nimbus-model-training,0.121470,0.226748,0.000000,0.230595,0.121470,0.226748,0.789629,0
q40,nimbus-enc-at-rest,0.138628,0.196287,0.000000,0.200678,0.138628,0.196287,0.711144,0
q40,acme-irap,0.182293,0.147723,0.000000,0.152179,0.182293,0.147723,0.740348,0
q40,nimbus-overview-a,0.187014,0.143707,0.000000,0.148216,0.187014,0.143707,0.564213,0
q40,acme-iso27001,0.145430,0.164589,0.000000,0.168716,0.145430,0.164589,0.533184,0
q41,nimbus-breach-policy,0.361871,11.839738,0.411241,12.204026,0.361871,11.839738,0.495767,1
q41,nimbus-cert-soc1,0.183424,7.000046,0.000000,7.169008,0.183424,7.000046,0.636310,0
q41,nimbus-vendor-risk,0.237289,6.118562,0.000000,6.309343,0.237289,6.118562,0.692892,0
q41,nimbus-breach-history,0.279498,4.727204,2.140854,4.862655,0.279498,4.727204,0.759513,0
q41,granite-sla,0.208954,5.798595,0.000000,5.952666,0.208954,5.798595,0.681028,0
q41,nimbus-overview-b,0.201375,4.487658,0.000000,4.613179,0.201375,4.487658,0.634484,0
q41,nimbus-infosec-policy,0.199669,1.972368,0.000000,3.366160,0.245634,5.016077,0.607106,1
q41,nimbus-subprocessors,0.238512,4.063199,0.000000,4.170711,0.238512,4.063199,0.756775,0
q41,nimbus-ai-governance,0.172530,3.856168,0.000000,3.973795,0.172530,3.856168,0.789629,0
q41,nimbus-enc-at-rest,0.188716,3.373986,0.445406,3.454038,0.188716,3.373986,0.711144,0
q41,acme-sla,0.196868,3.343013,0.000000,3.429380,0.196868,3.343013,0.575164,0
q41,nimbus-overview-a,0.185454,3.271436,0.000000,3.351132,0.185454,3.271436,0.564213,0
q41,acme-dc-2022,0.182775,2.923991,0.534158,2.975724,0.182775,2.923991,0.000000,0
q41,acme-irap,0.205276,2.775597,0.000000,2.859308,0.205276,2.775597,0.740348,0
q41,acme-dc-2025,0.176711,2.339929,0.581174,2.373468,0.176711,2.339929,0.706581,0
q41,nimbus-cert-soc2-2025,0.185946,2.596184,0.000000,2.666539,0.185946,2.596184,0.770464,0
q41,nimbus-hr-offboarding,0.206155,2.396893,0.000000,2.461326,0.206155,2.396893,0.676465,0
q41,nimbus-enc-in-transit,0.209615,1.909273,0.620851,1.947530,0.209615,1.909273,0.711144,0
q41,acme-overview,0.117343,2.195467,0.000000,2.240472,0.117343,2.195467,0.544135,0
q41,nimbus-model-training,0.157269,1.683118,0.532392,1.720502,0.157269,1.683118,0.789629,0
q41,nimbus-overview-c,0.180010,1.760567,0.000000,1.800338,0.180010,1.760567,0.391728,0
q41,nimbus-assurance,0.231610,1.252100,0.000000,1.813389,0.267562,1.295407,0.727571,0
q41,nimbus-partners,0.123422,1.458317,0.000000,1.480730,0.123422,1.458317,0.541397,0
q41,nimbus-subcontractors,0.139163,1.309017,0.161988,1.336381,0.139163,1.309017,0.630834,0
q41,acme-rfi,0.152063,1.374838,0.000000,1.410900,0.152063,1.374838,0.626271,0
q41,nimbus-backup,0.221650,1.169394,0.000000,1.197946,0.221650,1.169394,0.665513,0
q41,nimbus-retention,0.253472,1.113878,0.000000,1.130086,0.253472,1.113878,0.665513,0
q41,nimbus-access-control,0.168423,1.142582,0.000000,1.170658,0.168423,1.142582,0.572426,0
q41,acme-iso27001,0.163525,1.103328,0.000000,1.130997,0.163525,1.103328,0.533184,0
q41,nimbus-sla,0.183898,1.028598,0.000000,1.057842,0.183898,1.028598,0.646348,0
q41,nimbus-dr,0.233112,0.962298,0.000000,0.987298,0.233112,0.962298,0.730309,0
q41,nimbus-hr-onboarding,0.184984,0.869380,0.000000,0.887649,0.184984,0.869380,0.676465,0
q41,granite-overview,0.110947,0.557184,0.000000,0.567734,0.110947,0.557184,0.526796,0
q41,nimbus-cert-soc2-2023,0.205647,0.252509,0.000000,0.257206,0.205647,0.252509,0.119768,0
q41,nimbus-overview-d,0.172560,0.261182,0.000000,0.265546,0.172560,0.261182,0.185477,0
q41,nimbus-integrations,0.187085,0.233144,0.000000,0.240414,0.187085,0.233144,0.617145,0
q41,nimbus-insurance-2023,0.147462,0.230862,0.000000,0.234731,0.147462,0.230862,0.000000,0
q41,granite-dd,0.118755,0.237468,0.000000,0.244679,0.118755,0.237468,0.614407,0
q41,nimbus-insurance-2026,0.163414,0.194292,0.000000,0.199312,0.163414,0.194292,0.849862,0
q42,nimbus-insurance-2026,0.349343,14.757524,2.357375,15.078766,0.349343,14.757524,0.849862,1
q42,nimbus-insurance-2023,0.346030,10.688834,2.879090,10.832179,0.346030,10.688834,0.000000,0
q42,nimbus-integrations,0.140358,5.815069,0.000000,5.996377,0.140358,5.815069,0.617145,0
q42,granite-sla,0.177851,3.249647,0.000000,3.335992,0.177851,3.249647,0.681028,0
q42,nimbus-enc-at-rest,0.122311,2.300987,0.000000,2.366790,0.122311,2.300987,0.711144,0
q42,nimbus-dr,0.184260,2.149968,0.000000,2.217851,0.184260,2.149968,0.730309,0
q42,nimbus-assurance,0.188718,1.969124,0.000000,1.376710,0.191612,1.969124,0.727571,0
q42,nimbus-infosec-policy,0.160206,1.186815,0.000000,1.226060,0.172362,2.080231,0.607106,0
q42,nimbus-retention,0.137429,0.418791,0.000000,0.423490,0.137429,0.418791,0.665513,0
q42,nimbus-overview-a,0.181081,0.369724,0.000000,0.375795,0.181081,0.369724,0.564213,0
q42,nimbus-hr-onboarding,0.115617,0.388415,0.000000,0.393675,0.115617,0.388415,0.676465,0
q42,nimbus-enc-in-transit,0.195022,0.336807,0.000000,0.343256,0.195022,0.336807,0.711144,0
q42,nimbus-subprocessors,0.182330,0.326086,0.000000,0.332899,0.182330,0.326086,0.756775,0
q42,acme-dc-2025,0.092228,0.370616,0.000000,0.376650,0.092228,0.370616,0.706581,0
q42,nimbus-access-control,0.137449,0.342437,0.000000,0.348681,0.137449,0.342437,0.572426,0
q42,nimbus-cert-soc2-2025,0.178395,0.317989,0.000000,0.325052,0.178395,0.317989,0.770464,0
q42,acme-overview,0.083780,0.360513,0.000000,0.366034,0.083780,0.360513,0.544135,0
q42,granite-overview,0.090496,0.356747,0.000000,0.362426,0.090496,0.356747,0.526796,0
q42,nimbus-backup,0.125008,0.333518,0.000000,0.340082,0.125008,0.333518,0.665513,0
q42,nimbus-hr-offboarding,0.140124,0.321987,0.000000,0.328928,0.140124,0.321987,0.676465,0
q42,nimbus-model-training,0.101150,0.317989,0.000000,0.325052,0.101150,0.317989,0.789629,0
q42,nimbus-ai-governance,0.128778,0.298529,0.000000,0.306112,0.128778,0.298529,0.789629,0
q42,acme-sla,0.202819,0.261737,0.000000,0.268499,0.202819,0.261737,0.575164,0
q42,nimbus-overview-c,0.185592,0.256494,0.000000,0.263371,0.185592,0.256494,0.391728,0
q42,acme-dc-2022,0.114437,0.289881,0.000000,0.295861,0.114437,0.289881,0.000000,0
q42,nimbus-sla,0.175070,0.247808,0.000000,0.254853,0.175070,0.247808,0.646348,0
q42,nimbus-overview-b,0.177994,0.236372,0.000000,0.243599,0.177994,0.236372,0.634484,0
q42,acme-iso27001,0.112172,0.265812,0.000000,0.272478,0.112172,0.265812,0.533184,0
q42,nimbus-subcontractors,0.128025,0.247808,0.000000,0.254853,0.128025,0.247808,0.630834,0
q42,nimbus-partners,0.100709,0.259089,0.000000,0.265910,0.100709,0.259089,0.541397,0
q42,acme-irap,0.131487,0.238574,0.000000,0.245769,0.131487,0.238574,0.740348,0
q42,nimbus-vendor-risk,0.145814,0.227956,0.000000,0.235286,0.145814,0.227956,0.692892,0
q42,granite-dd,0.088202,0.237468,0.000000,0.244679,0.088202,0.237468,0.614407,0
q42,nimbus-breach-policy,0.185638,0.000000,0.000000,0.000000,0.185638,0.000000,0.495767,0
q42,nimbus-cert-soc2-2023,0.159161,0.000000,0.000000,0.000000,0.159161,0.000000,0.119768,0
q42,nimbus-cert-soc1,0.156152,0.000000,0.000000,0.000000,0.156152,0.000000,0.636310,0
q42,nimbus-breach-history,0.134620,0.000000,0.000000,0.000000,0.134620,0.000000,0.759513,0
q42,nimbus-overview-d,0.122798,0.000000,0.000000,0.000000,0.122798,0.000000,0.185477,0
q42,acme-rfi,0.097226,0.000000,0.000000,0.000000,0.097226,0.000000,0.626271,0
q43,nimbus-ai-governance,0.322522,11.842635,3.289645,12.101940,0.322522,11.842635,0.789629,1
q43,nimbus-infosec-policy,0.125019,2.211280,0.000000,3.455243,0.142464,5.845892,0.607106,0
q43,nimbus-integrations,0.133622,4.492200,0.000000,4.616552,0.133622,4.492200,0.617145,0
q43,nimbus-overview-d,0.091732,4.271782,0.000000,4.348246,0.091732,4.271782,0.185477,0
q43,nimbus-subprocessors,0.176008,3.953214,0.000000,4.063072,0.176008,3.953214,0.756775,0
q43,nimbus-model-training,0.169591,3.843348,0.000000,3.954791,0.169591,3.843348,0.789629,0
q43,nimbus-cert-soc2-2023,0.122742,3.791227,0.000000,3.891519,0.122742,3.791227,0.119768,0
q43,nimbus-overview-a,0.119132,3.463611,0.000000,3.558971,0.119132,3.463611,0.564213,0
q43,nimbus-overview-c,0.118226,3.079895,0.000000,3.140014,0.118226,3.079895,0.391728,0
q43,nimbus-insurance-2023,0.062532,3.036855,0.000000,3.087742,0.062532,3.036855,0.000000,0
q43,nimbus-assurance,0.131316,2.019232,0.000000,3.031998,0.141965,2.957084,0.727571,0
q43,acme-rfi,0.142520,2.648916,0.000000,2.720952,0.142520,2.648916,0.626271,0
q43,nimbus-partners,0.115541,2.617910,0.000000,2.670853,0.115541,2.617910,0.541397,0
q43,nimbus-cert-soc1,0.159100,2.295140,0.000000,2.337960,0.159100,2.295140,0.636310,0
q43,nimbus-subcontractors,0.139617,2.226301,0.000000,2.280130,0.139617,2.226301,0.630834,0
q43,nimbus-backup,0.088105,2.162384,0.000000,2.223353,0.088105,2.162384,0.665513,0
q43,nimbus-dr,0.102614,1.886104,0.000000,1.941166,0.102614,1.886104,0.730309,0
q43,nimbus-enc-in-transit,0.093491,1.681789,0.000000,1.714769,0.093491,1.681789,0.711144,0
q43,acme-dc-2025,0.154777,1.611700,0.000000,1.646697,0.154777,1.611700,0.706581,0
q43,nimbus-sla,0.073263,1.583631,0.000000,1.618377,0.073263,1.583631,0.646348,0
q43,granite-dd,0.097939,1.561250,0.000000,1.605268,0.097939,1.561250,0.614407,0
q43,nimbus-cert-soc2-2025,0.116178,1.540668,0.000000,1.576652,0.116178,1.540668,0.770464,0
q43,nimbus-hr-offboarding,0.184229,1.491598,0.000000,1.528829,0.184229,1.491598,0.676465,0
q43,nimbus-vendor-risk,0.122507,1.503027,0.000000,1.547912,0.122507,1.503027,0.692892,0
q43,nimbus-overview-b,0.097358,1.513549,0.000000,1.550263,0.097358,1.513549,0.634484,0
q43,acme-iso27001,0.138369,1.493545,0.000000,1.527009,0.138369,1.493545,0.533184,0
q43,acme-overview,0.109645,1.505692,0.000000,1.541067,0.109645,1.505692,0.544135,0
q43,nimbus-breach-history,0.089291,1.491659,0.000000,1.528579,0.089291,1.491659,0.759513,0
q43,acme-dc-2022,0.126094,1.411412,0.000000,1.440528,0.126094,1.411412,0.000000,0
q43,nimbus-access-control,0.120455,1.374048,0.000000,1.404638,0.120455,1.374048,0.572426,0
q43,acme-sla,0.124478,1.135778,0.000000,1.149621,0.124478,1.135778,0.575164,0
q43,nimbus-retention,0.121223,1.086094,0.000000,1.102280,0.121223,1.086094,0.665513,0
q43,nimbus-enc-at-rest,0.116063,0.904021,0.000000,0.925647,0.116063,0.904021,0.711144,0
q43,acme-irap,0.174783,0.857486,0.000000,0.876812,0.174783,0.857486,0.740348,0
q43,granite-overview,0.087137,0.848555,0.000000,0.866091,0.087137,0.848555,0.526796,0
q43,nimbus-hr-onboarding,0.163071,0.808728,0.000000,0.827354,0.163071,0.808728,0.676465,0
q43,granite-sla,0.130346,0.815669,0.000000,0.834119,0.130346,0.815669,0.681028,0
q43,nimbus-breach-policy,0.066790,0.786606,0.000000,0.807352,0.066790,0.786606,0.495767,0
q43,nimbus-insurance-2026,0.095492,0.216374,0.000000,0.220074,0.095492,0.216374,0.849862,0
q44,nimbus-model-training,0.278763,13.601899,2.927652,13.883481,0.278763,13.601899,0.789629,1
q44,nimbus-ai-governance,0.204078,7.811221,0.000000,7.993300,0.204078,7.811221,0.789629,1
q44,nimbus-integrations,0.133897,4.572242,0.000000,4.714800,0.133897,4.572242,0.617145,0
q44,nimbus-subprocessors,0.166074,3.723787,0.000000,3.824917,0.166074,3.723787,0.756775,0
q44,nimbus-infosec-policy,0.091446,1.656982,0.000000,2.526650,0.112530,3.343156,0.607106,0
q44,nimbus-enc-in-transit,0.142950,2.842401,0.000000,2.893905,0.142950,2.842401,0.711144,0
q44,nimbus-partners,0.124121,2.581419,0.000000,2.631500,0.124121,2.581419,0.541397,0
q44,nimbus-overview-a,0.104429,2.389731,0.000000,2.445866,0.104429,2.389731,0.564213,0
q44,nimbus-enc-at-rest,0.122422,2.339844,0.000000,2.397332,0.122422,2.339844,0.711144,0
q44,nimbus-overview-b,0.108713,2.172129,0.000000,2.230933,0.108713,2.172129,0.634484,0
q44,acme-rfi,0.113315,1.993928,0.000000,2.045156,0.113315,1.993928,0.626271,0
q44,nimbus-subcontractors,0.101500,1.267547,0.926918,1.294118,0.101500,1.267547,0.630834,0
q44,nimbus-hr-onboarding,0.089571,1.685231,0.000000,1.723653,0.089571,1.685231,0.676465,0
q44,nimbus-overview-d,0.107500,1.341107,0.000000,1.373203,0.107500,1.341107,0.185477,0
q44,nimbus-cert-soc2-2025,0.081393,1.280752,0.000000,1.309199,0.081393,1.280752,0.770464,0
q44,acme-dc-2025,0.104116,1.263233,0.000000,1.283802,0.104116,1.263233,0.706581,0
q44,nimbus-cert-soc1,0.108395,1.259747,0.000000,1.272896,0.108395,1.259747,0.636310,0
q44,nimbus-hr-offboarding,0.107700,1.241190,0.000000,1.269359,0.107700,1.241190,0.676465,0
q44,nimbus-assurance,0.121701,0.765813,0.000000,1.111504,0.129903,1.358390,0.727571,0
q44,nimbus-access-control,0.050217,1.111314,0.000000,1.138537,0.050217,1.111314,0.572426,0
q44,nimbus-overview-c,0.097385,1.086794,0.000000,1.108500,0.097385,1.086794,0.391728,0
q44,nimbus-backup,0.115768,1.073062,0.000000,1.101143,0.115768,1.073062,0.665513,0
q44,acme-iso27001,0.089793,1.070599,0.000000,1.097448,0.089793,1.070599,0.533184,0
q44,nimbus-sla,0.121144,0.998086,0.000000,1.026463,0.121144,0.998086,0.646348,0
q44,acme-irap,0.136318,0.960896,0.000000,0.989876,0.136318,0.960896,0.740348,0
q44,nimbus-breach-history,0.134764,0.797275,0.000000,0.818406,0.134764,0.797275,0.759513,0
q44,nimbus-breach-policy,0.051050,0.776912,0.000000,0.797987,0.051050,0.776912,0.495767,0
q44,nimbus-retention,0.076730,0.561850,0.000000,0.571066,0.076730,0.561850,0.665513,0
q44,granite-overview,0.118179,0.523938,0.000000,0.533680,0.118179,0.523938,0.526796,0
q44,acme-dc-2022,0.112928,0.521250,0.000000,0.530284,0.112928,0.521250,0.000000,0
q44,granite-sla,0.125077,0.417403,0.000000,0.428494,0.125077,0.417403,0.681028,0
q44,nimbus-dr,0.094956,0.429788,0.000000,0.441401,0.094956,0.429788,0.730309,0
q44,acme-sla,0.095200,0.423802,0.000000,0.434751,0.095200,0.423802,0.575164,0
q44,nimbus-vendor-risk,0.122662,0.369105,0.000000,0.380974,0.122662,0.369105,0.692892,0
q44,granite-dd,0.079055,0.384506,0.000000,0.396183,0.079055,0.384506,0.614407,0
q44,acme-overview,0.078518,0.360513,0.000000,0.366034,0.078518,0.360513,0.544135,0
q44,nimbus-cert-soc2-2023,0.091222,0.238694,0.000000,0.242033,0.091222,0.238694,0.119768,0
q44,nimbus-insurance-2026,0.049959,0.000000,0.000000,0.000000,0.049959,0.000000,0.849862,0
q44,nimbus-insurance-2023,0.037996,0.000000,0.000000,0.000000,0.037996,0.000000,0.000000,0
q45,nimbus-integrations,0.361396,14.649485,0.013572,15.105744,0.361396,14.649485,0.617145,1
q45,nimbus-subcontractors,0.188151,5.638394,0.000000,5.746257,0.188151,5.638394,0.630834,0
q45,nimbus-hr-onboarding,0.159239,5.239460,0.011490,5.381019,0.159239,5.239460,0.676465,0
q45,nimbus-access-control,0.188834,5.003996,0.012445,5.140173,0.188834,5.003996,0.572426,0
q45,nimbus-infosec-policy,0.176441,2.584254,0.000000,3.826883,0.190602,6.018629,0.607106,0
q45,nimbus-hr-offboarding,0.167933,4.570199,0.012445,4.713434,0.167933,4.570199,0.676465,0
q45,acme-iso27001,0.202616,4.176579,0.000000,4.280980,0.202616,4.176579,0.533184,0
q45,acme-dc-2025,0.149464,3.908571,0.011490,4.030146,0.149464,3.908571,0.706581,0
q45,nimbus-cert-soc1,0.217258,3.515524,0.000000,3.578313,0.217258,3.515524,0.636310,0
q45,nimbus-enc-at-rest,0.154717,1.901610,0.000000,1.962950,0.154717,1.901610,0.711144,0
q45,acme-dc-2022,0.119451,1.894654,0.000000,1.933738,0.119451,1.894654,0.000000,0
q45,nimbus-enc-in-transit,0.201381,1.626764,0.000000,1.672733,0.201381,1.626764,0.711144,0
q45,acme-rfi,0.163997,1.512133,0.000000,1.559790,0.163997,1.512133,0.626271,0
q45,nimbus-assurance,0.194279,0.639356,0.012445,0.889342,0.214571,1.256381,0.727571,0
q45,nimbus-subprocessors,0.245635,0.019657,0.012445,0.019969,0.245635,0.019657,0.756775,0
q45,nimbus-overview-c,0.213858,0.021924,0.000000,0.022159,0.213858,0.021924,0.391728,0
q45,nimbus-partners,0.188885,0.020608,0.012445,0.020878,0.188885,0.020608,0.541397,0
q45,nimbus-cert-soc2-2025,0.197013,0.022728,0.000000,0.022954,0.197013,0.022728,0.770464,0
q45,nimbus-sla,0.199589,0.020146,0.000000,0.020437,0.199589,0.020146,0.646348,0
q45,nimbus-overview-b,0.194649,0.022233,0.000000,0.022471,0.194649,0.022233,0.634484,0
q45,nimbus-overview-a,0.192143,0.023439,0.000000,0.023636,0.192143,0.023439,0.564213,0
q45,acme-irap,0.195589,0.021275,0.000000,0.021542,0.195589,0.021275,0.740348,0
q45,nimbus-dr,0.185723,0.016901,0.011490,0.017268,0.185723,0.016901,0.730309,0
q45,nimbus-cert-soc2-2023,0.185393,0.017911,0.000000,0.018244,0.185393,0.017911,0.119768,0
q45,nimbus-vendor-risk,0.176671,0.020864,0.000000,0.021150,0.176671,0.020864,0.692892,0
q45,granite-sla,0.178702,0.018214,0.000000,0.018535,0.178702,0.018214,0.681028,0
q45,nimbus-ai-governance,0.159654,0.022734,0.000000,0.022969,0.159654,0.022734,0.789629,0
q45,nimbus-breach-history,0.164008,0.019609,0.000000,0.019923,0.164008,0.019609,0.759513,0
q45,nimbus-insurance-2026,0.156747,0.022103,0.000000,0.022329,0.156747,0.022103,0.849862,0
q45,nimbus-overview-d,0.150960,0.022194,0.000000,0.022415,0.150960,0.022194,0.185477,0
q45,nimbus-insurance-2023,0.161413,0.016376,0.000000,0.016650,0.161413,0.016376,0.000000,0
q45,nimbus-model-training,0.154787,0.019282,0.000000,0.019609,0.154787,0.019282,0.789629,0
q45,granite-overview,0.154398,0.018784,0.000000,0.019083,0.154398,0.018784,0.526796,0
q45,granite-dd,0.145312,0.022270,0.000000,0.022506,0.145312,0.022270,0.614407,0
q45,acme-sla,0.157585,0.013782,0.000000,0.014138,0.157585,0.013782,0.575164,0
q45,nimbus-breach-policy,0.123278,0.022382,0.011490,0.022626,0.123278,0.022382,0.495767,0
q45,nimbus-backup,0.131142,0.012862,0.012445,0.013236,0.131142,0.012862,0.665513,0
q45,nimbus-retention,0.105058,0.012165,0.009962,0.012550,0.105058,0.012165,0.665513,0
q45,acme-overview,0.088595,0.022519,0.000000,0.022722,0.088595,0.022519,0.544135,0
q46,nimbus-cert-soc1,0.136417,5.868790,0.000000,5.994672,0.136417,5.868790,0.636310,0
q46,nimbus-hr-offboarding,0.162606,5.630489,0.012445,5.786496,0.162606,5.630489,0.676465,0
q46,nimbus-integrations,0.320078,4.379926,2.370948,4.487083,0.320078,4.379926,0.617145,1
q46,nimbus-subcontractors,0.133535,5.339656,0.000000,5.459300,0.133535,5.339656,0.630834,0
q46,nimbus-partners,0.176101,4.767196,0.012445,4.892432,0.176101,4.767196,0.541397,0
q46,nimbus-infosec-policy,0.156107,2.736713,0.000000,3.994752,0.181175,4.798252,0.607106,0
q46,granite-overview,0.126143,4.126404,0.000000,4.226511,0.126143,4.126404,0.526796,0
q46,acme-irap,0.147479,4.099351,0.000000,4.197219,0.147479,4.099351,0.740348,0
q46,acme-dc-2025,0.076108,3.800022,0.011490,3.918212,0.076108,3.800022,0.706581,0
q46,nimbus-retention,0.132137,3.267442,0.009962,3.370609,0.132137,3.267442,0.665513,0
q46,nimbus-access-control,0.130760,3.070805,0.012445,3.115230,0.130760,3.070805,0.572426,0
q46,nimbus-enc-in-transit,0.160823,2.814759,0.000000,2.889600,0.160823,2.814759,0.711144,0
q46,nimbus-overview-c,0.156314,2.375190,0.000000,2.438518,0.156314,2.375190,0.391728,0
q46,nimbus-cert-soc2-2023,0.139503,2.324966,0.000000,2.389320,0.139503,2.324966,0.119768,0
q46,acme-iso27001,0.150120,2.162498,0.000000,2.216390,0.150120,2.162498,0.533184,0
q46,granite-dd,0.143296,2.074939,0.000000,2.132560,0.143296,2.074939,0.614407,0
q46,nimbus-hr-onboarding,0.128431,2.073037,0.011490,2.128947,0.128431,2.073037,0.676465,0
q46,nimbus-subprocessors,0.203933,1.953536,0.012445,2.008020,0.203933,1.953536,0.756775,0
q46,nimbus-dr,0.101084,1.910687,0.011490,1.965890,0.101084,1.910687,0.730309,0
q46,nimbus-assurance,0.155530,1.186846,0.012445,1.559304,0.178004,2.043193,0.727571,0
q46,nimbus-model-training,0.157997,1.391063,0.000000,1.435499,0.157997,1.391063,0.789629,0
q46,nimbus-ai-governance,0.115347,1.277268,0.000000,1.322459,0.115347,1.277268,0.789629,0
q46,nimbus-vendor-risk,0.156793,0.020864,1.797724,0.021150,0.156793,0.020864,0.692892,0
q46,nimbus-backup,0.121920,0.652912,0.012445,0.660934,0.121920,0.652912,0.665513,0
q46,nimbus-overview-b,0.135301,0.533688,0.000000,0.544611,0.135301,0.533688,0.634484,0
q46,acme-rfi,0.121338,0.522815,0.000000,0.534082,0.121338,0.522815,0.626271,0
q46,nimbus-enc-at-rest,0.103101,0.513903,0.000000,0.525400,0.103101,0.513903,0.711144,0
q46,nimbus-breach-policy,0.076822,0.504669,0.011490,0.516453,0.076822,0.504669,0.495767,0
q46,nimbus-insurance-2023,0.088511,0.504171,0.000000,0.512619,0.088511,0.504171,0.000000,0
q46,acme-dc-2022,0.069899,0.469931,0.000000,0.479625,0.069899,0.469931,0.000000,0
q46,acme-overview,0.057114,0.452833,0.000000,0.463146,0.057114,0.452833,0.544135,0
q46,nimbus-insurance-2026,0.083819,0.432628,0.000000,0.443460,0.083819,0.432628,0.849862,0
q46,acme-sla,0.099710,0.424306,0.000000,0.435268,0.099710,0.424306,0.575164,0
q46,nimbus-overview-a,0.134830,0.387461,0.000000,0.399080,0.134830,0.387461,0.564213,0
q46,nimbus-cert-soc2-2025,0.144998,0.380270,0.000000,0.391992,0.144998,0.380270,0.770464,0
q46,nimbus-overview-d,0.134941,0.022194,0.000000,0.022415,0.134941,0.022194,0.185477,0
q46,nimbus-sla,0.117203,0.020146,0.000000,0.020437,0.117203,0.020146,0.646348,0
q46,granite-sla,0.118194,0.018214,0.000000,0.018535,0.118194,0.018214,0.681028,0
q46,nimbus-breach-history,0.109134,0.019609,0.000000,0.019923,0.109134,0.019609,0.759513,0
q47,nimbus-ai-governance,0.128634,8.853262,0.000000,9.135455,0.128634,8.853262,0.789629,0
q47,nimbus-hr-onboarding,0.206404,6.723799,0.000000,6.902578,0.206404,6.723799,0.676465,0
q47,nimbus-vendor-risk,0.277171,5.605930,0.000000,5.746327,0.277171,5.605930,0.692892,1
q47,nimbus-subcontractors,0.099061,3.682424,0.926918,3.755232,0.099061,3.682424,0.630834,0
q47,nimbus-cert-soc1,0.172690,3.904923,0.000000,3.972927,0.172690,3.904923,0.636310,0
q47,nimbus-breach-policy,0.151176,2.986892,0.000000,3.088927,0.151176,2.986892,0.495767,0
q47,acme-dc-2025,0.095927,2.610651,0.000000,2.692048,0.095927,2.610651,0.706581,0
q47,nimbus-infosec-policy,0.166615,1.536723,0.000000,2.061838,0.175213,2.597098,0.607106,1
q47,nimbus-model-training,0.118043,1.555491,0.860884,1.581879,0.118043,1.555491,0.789629,0
q47,nimbus-subprocessors,0.162848,1.892692,0.000000,1.950557,0.162848,1.892692,0.756775,0
q47,nimbus-breach-history,0.136625,1.883997,0.000000,1.941981,0.136625,1.883997,0.759513,0
q47,nimbus-assurance,0.187677,1.657773,0.000000,1.864624,0.197782,1.742299,0.727571,0
q47,nimbus-enc-in-transit,0.172516,1.767450,0.000000,1.801291,0.172516,1.767450,0.711144,0
q47,nimbus-partners,0.122465,1.447598,0.000000,1.482640,0.122465,1.447598,0.541397,0
q47,nimbus-overview-d,0.110753,1.387686,0.000000,1.422840,0.110753,1.387686,0.185477,0
q47,nimbus-integrations,0.153561,1.313319,0.000000,1.351107,0.153561,1.313319,0.617145,0
q47,nimbus-overview-b,0.138358,1.240400,0.000000,1.278322,0.138358,1.240400,0.634484,0
q47,acme-rfi,0.112005,1.206980,0.000000,1.245325,0.112005,1.206980,0.626271,0
q47,nimbus-overview-a,0.130984,0.985830,0.000000,1.016763,0.130984,0.985830,0.564213,0
q47,nimbus-enc-at-rest,0.108748,0.963991,0.000000,0.995171,0.108748,0.963991,0.711144,0
q47,nimbus-dr,0.089421,0.418791,0.000000,0.423490,0.089421,0.418791,0.730309,0
q47,nimbus-cert-soc2-2023,0.138379,0.385492,0.000000,0.390885,0.138379,0.385492,0.119768,0
q47,granite-dd,0.153393,0.374226,0.000000,0.380111,0.153393,0.374226,0.614407,0
q47,nimbus-retention,0.126682,0.368837,0.000000,0.374944,0.126682,0.368837,0.665513,0
q47,nimbus-hr-offboarding,0.185679,0.321987,0.000000,0.328928,0.185679,0.321987,0.676465,0
q47,nimbus-backup,0.065758,0.379775,0.000000,0.385423,0.065758,0.379775,0.665513,0
q47,nimbus-overview-c,0.130821,0.344741,0.000000,0.350899,0.130821,0.344741,0.391728,0
q47,nimbus-sla,0.099793,0.336807,0.000000,0.343256,0.099793,0.336807,0.646348,0
q47,nimbus-insurance-2023,0.061145,0.311002,0.000000,0.316213,0.061145,0.311002,0.000000,0
q47,nimbus-access-control,0.145269,0.253951,0.000000,0.260880,0.145269,0.253951,0.572426,0
q47,acme-dc-2022,0.051081,0.289881,0.000000,0.295861,0.051081,0.289881,0.000000,0
q47,granite-overview,0.086451,0.270015,0.000000,0.276576,0.086451,0.270015,0.526796,0
q47,nimbus-cert-soc2-2025,0.145360,0.227956,0.000000,0.235286,0.145360,0.227956,0.770464,0
q47,nimbus-insurance-2026,0.055048,0.261737,0.000000,0.268499,0.055048,0.261737,0.849862,0
q47,acme-overview,0.006593,0.274354,0.000000,0.280800,0.006593,0.274354,0.544135,0
q47,acme-irap,0.170536,0.000000,0.000000,0.000000,0.170536,0.000000,0.740348,0
q47,granite-sla,0.118623,0.000000,0.000000,0.000000,0.118623,0.000000,0.681028,0
q47,acme-iso27001,0.092131,0.000000,0.000000,0.000000,0.092131,0.000000,0.533184,0
q47,acme-sla,0.061376,0.000000,0.000000,0.000000,0.061376,0.000000,0.575164,0
q48,nimbus-sla,0.281053,10.203579,0.710813,10.437981,0.281053,10.203579,0.646348,1
q48,acme-sla,0.263222,6.142962,0.852451,6.274784,0.263222,6.142962,0.575164,0
q48,granite-sla,0.242562,5.780671,0.000000,5.921786,0.242562,5.780671,0.681028,0
q48,nimbus-cert-soc1,0.142775,3.748283,0.000000,3.848778,0.142775,3.748283,0.636310,0
q48,granite-overview,0.094424,3.528893,0.000000,3.611556,0.094424,3.528893,0.526796,0
q48,nimbus-breach-policy,0.153237,2.785402,0.000000,2.874428,0.153237,2.785402,0.495767,0
q48,nimbus-integrations,0.164391,2.165878,0.000000,2.229989,0.164391,2.165878,0.617145,0
q48,nimbus-infosec-policy,0.153882,0.757246,0.000000,1.161903,0.163547,1.955627,0.607106,0
q48,nimbus-subcontractors,0.147790,1.221494,0.656290,1.244881,0.147790,1.221494,0.630834,0
q48,nimbus-enc-in-transit,0.162011,1.359251,0.000000,1.379853,0.162011,1.359251,0.711144,0
q48,acme-iso27001,0.161899,1.060958,0.000000,1.083572,0.161899,1.060958,0.533184,0
q48,nimbus-cert-soc2-2023,0.210166,1.023432,0.000000,1.046917,0.210166,1.023432,0.119768,0
q48,nimbus-cert-soc2-2025,0.201551,0.952846,0.000000,0.977544,0.201551,0.952846,0.770464,0
q48,nimbus-subprocessors,0.205470,0.942042,0.000000,0.967443,0.205470,0.942042,0.756775,0
q48,nimbus-partners,0.128542,0.939633,0.000000,0.964371,0.128542,0.939633,0.541397,0
q48,nimbus-hr-offboarding,0.199859,0.897374,0.000000,0.923574,0.199859,0.897374,0.676465,0
q48,nimbus-overview-b,0.122192,0.912797,0.000000,0.938749,0.122192,0.912797,0.634484,0
q48,nimbus-overview-a,0.115377,0.841710,0.000000,0.868120,0.115377,0.841710,0.564213,0
q48,nimbus-overview-c,0.125963,0.771403,0.000000,0.792085,0.125963,0.771403,0.391728,0
q48,acme-irap,0.203617,0.282887,0.000000,0.284884,0.203617,0.282887,0.740348,0
q48,nimbus-assurance,0.184623,0.221162,0.000000,0.251689,0.197192,0.269087,0.727571,0
q48,nimbus-dr,0.197420,0.246779,0.000000,0.250080,0.197420,0.246779,0.730309,0
q48,nimbus-model-training,0.164420,0.245347,0.000000,0.248714,0.164420,0.245347,0.789629,0
q48,acme-rfi,0.148129,0.246300,0.000000,0.249623,0.148129,0.246300,0.626271,0
q48,nimbus-ai-governance,0.135455,0.249520,0.000000,0.252902,0.135455,0.249520,0.789629,0
q48,nimbus-hr-onboarding,0.151021,0.240504,0.000000,0.243761,0.151021,0.240504,0.676465,0
q48,nimbus-insurance-2026,0.188347,0.216374,0.000000,0.220074,0.188347,0.216374,0.849862,0
q48,nimbus-vendor-risk,0.141937,0.226748,0.000000,0.230595,0.141937,0.226748,0.692892,0
q48,granite-dd,0.116107,0.231718,0.000000,0.235362,0.116107,0.231718,0.614407,0
q48,nimbus-retention,0.157184,0.198747,0.000000,0.203065,0.157184,0.198747,0.665513,0
q48,acme-dc-2025,0.150366,0.200001,0.000000,0.204279,0.150366,0.200001,0.706581,0
q48,nimbus-insurance-2023,0.153722,0.192570,0.000000,0.195797,0.153722,0.192570,0.000000,0
q48,nimbus-backup,0.112867,0.206512,0.000000,0.210576,0.112867,0.206512,0.665513,0
q48,nimbus-breach-history,0.118627,0.201270,0.000000,0.205508,0.118627,0.201270,0.759513,0
q48,acme-overview,0.115742,0.169878,0.000000,0.173869,0.115742,0.169878,0.544135,0
q48,nimbus-enc-at-rest,0.091484,0.140524,0.000000,0.145069,0.091484,0.140524,0.711144,0
q48,nimbus-access-control,0.153797,0.000000,0.000000,0.000000,0.153797,0.000000,0.572426,0
q48,acme-dc-2022,0.127242,0.000000,0.000000,0.000000,0.127242,0.000000,0.000000,0
q48,nimbus-overview-d,0.103795,0.000000,0.000000,0.000000,0.103795,0.000000,0.185477,0
q49,nimbus-overview-c,0.233646,4.159129,1.313181,4.270638,0.233646,4.159129,0.391728,1
q49,nimbus-subcontractors,0.163193,3.405956,0.000000,3.502793,0.163193,3.405956,0.630834,0
q49,nimbus-integrations,0.107739,3.204419,0.000000,3.304329,0.107739,3.204419,0.617145,0
q49,nimbus-breach-policy,0.073037,2.986892,0.000000,3.088927,0.073037,2.986892,0.495767,0
q49,granite-overview,0.198257,2.753499,0.000000,2.820404,0.198257,2.753499,0.526796,0
q49,nimbus-overview-d,0.147142,2.696637,0.000000,2.764951,0.147142,2.696637,0.185477,0
q49,nimbus-overview-b,0.217371,1.962301,1.313181,2.003294,0.217371,1.962301,0.634484,1
q49,nimbus-overview-a,0.224019,1.937631,1.313181,1.979403,0.224019,1.937631,0.564213,1
q49,acme-dc-2025,0.110786,2.074998,0.000000,2.108784,0.110786,2.074998,0.706581,0
q49,acme-sla,0.104513,1.465407,0.000000,1.503266,0.104513,1.465407,0.575164,0
q49,nimbus-insurance-2026,0.053355,1.465407,0.000000,1.503266,0.053355,1.465407,0.849862,0
q49,nimbus-breach-history,0.100896,1.415890,0.000000,1.459467,0.100896,1.415890,0.759513,0
q49,nimbus-sla,0.109357,1.387422,0.000000,1.426868,0.109357,1.387422,0.646348,0
q49,nimbus-vendor-risk,0.082968,1.371781,0.000000,1.415890,0.082968,1.371781,0.692892,0
q49,nimbus-subprocessors,0.118521,1.323396,0.000000,1.363856,0.118521,1.323396,0.756775,0
q49,acme-irap,0.042005,1.335724,0.000000,1.376010,0.042005,1.335724,0.740348,0
q49,nimbus-model-training,0.103895,1.276279,0.000000,1.317317,0.103895,1.276279,0.789629,0
q49,nimbus-enc-at-rest,0.104639,1.270624,0.000000,1.311722,0.104639,1.270624,0.711144,0
q49,nimbus-infosec-policy,0.126361,1.164359,0.000000,1.313534,0.151182,1.186511,0.607106,0
q49,nimbus-ai-governance,0.054728,1.167195,0.000000,1.209021,0.054728,1.167195,0.789629,0
q49,acme-overview,0.189458,0.000000,1.894425,0.000000,0.189458,0.000000,0.544135,0
q49,nimbus-hr-offboarding,0.149103,0.000000,0.000000,0.000000,0.149103,0.000000,0.676465,0
q49,nimbus-dr,0.136592,0.000000,0.000000,0.000000,0.136592,0.000000,0.730309,0
q49,nimbus-assurance,0.129749,0.000000,0.000000,0.000000,0.136462,0.000000,0.727571,0
q49,acme-iso27001,0.129412,0.000000,0.000000,0.000000,0.129412,0.000000,0.533184,0
q49,nimbus-hr-onboarding,0.121945,0.000000,0.000000,0.000000,0.121945,0.000000,0.676465,0
q49,nimbus-access-control,0.116478,0.000000,0.000000,0.000000,0.116478,0.000000,0.572426,0
q49,granite-sla,0.111728,0.000000,0.000000,0.000000,0.111728,0.000000,0.681028,0
q49,nimbus-backup,0.109174,0.000000,0.000000,0.000000,0.109174,0.000000,0.665513,0
q49,acme-dc-2022,0.104005,0.000000,0.000000,0.000000,0.104005,0.000000,0.000000,0
q49,nimbus-cert-soc1,0.103542,0.000000,0.000000,0.000000,0.103542,0.000000,0.636310,0
q49,nimbus-enc-in-transit,0.099838,0.000000,0.000000,0.000000,0.099838,0.000000,0.711144,0
q49,nimbus-retention,0.088994,0.000000,0.000000,0.000000,0.088994,0.000000,0.665513,0
q49,granite-dd,0.087228,0.000000,0.000000,0.000000,0.087228,0.000000,0.614407,0
q49,nimbus-insurance-2023,0.081888,0.000000,0.000000,0.000000,0.081888,0.000000,0.000000,0
q49,nimbus-partners,0.079909,0.000000,0.000000,0.000000,0.079909,0.000000,0.541397,0
q49,nimbus-cert-soc2-2023,0.060684,0.000000,0.000000,0.000000,0.060684,0.000000,0.119768,0
q49,nimbus-cert-soc2-2025,0.059926,0.000000,0.000000,0.000000,0.059926,0.000000,0.770464,0
q49,acme-rfi,0.058910,0.000000,0.000000,0.000000,0.058910,0.000000,0.626271,0
q50,nimbus-integrations,0.093800,3.570097,0.000000,3.681410,0.093800,3.570097,0.617145,0
q50,nimbus-partners,0.112353,3.048448,0.000000,3.128707,0.112353,3.048448,0.541397,0
q50,granite-overview,0.224567,2.469442,0.000000,2.529446,0.224567,2.469442,0.526796,0
q50,acme-overview,0.128099,2.509123,0.000000,2.568074,0.128099,2.509123,0.544135,0
q50,granite-sla,0.122793,2.357589,0.000000,2.420232,0.122793,2.357589,0.681028,0
q50,acme-dc-2025,0.045672,2.377506,0.000000,2.451634,0.045672,2.377506,0.706581,0
q50,nimbus-overview-b,0.186112,2.161757,0.000000,2.227848,0.186112,2.161757,0.634484,1
q50,nimbus-infosec-policy,0.101653,1.192642,0.000000,1.718601,0.105844,2.614887,0.607106,0
q50,granite-dd,0.151415,0.586960,0.000000,0.596190,0.151415,0.586960,0.614407,0
q50,nimbus-insurance-2026,0.074338,0.617013,0.000000,0.624898,0.074338,0.617013,0.849862,0
q50,nimbus-enc-in-transit,0.098277,0.600114,0.000000,0.608775,0.098277,0.600114,0.711144,0
q50,nimbus-breach-policy,0.071378,0.608538,0.000000,0.617644,0.071378,0.608538,0.495767,0
q50,nimbus-overview-c,0.167565,0.540715,0.000000,0.550372,0.167565,0.540715,0.391728,1
q50,nimbus-model-training,0.063691,0.574371,0.000000,0.584115,0.063691,0.574371,0.789629,0
q50,nimbus-cert-soc1,0.126813,0.540715,0.000000,0.550372,0.126813,0.540715,0.636310,0
q50,nimbus-hr-offboarding,0.040060,0.579899,0.000000,0.589421,0.040060,0.579899,0.676465,0
q50,nimbus-access-control,0.081554,0.537100,0.000000,0.546893,0.081554,0.537100,0.572426,0
q50,nimbus-subcontractors,0.088267,0.528270,0.000000,0.538385,0.088267,0.528270,0.630834,0
q50,nimbus-backup,0.068730,0.523111,0.000000,0.533406,0.068730,0.523111,0.665513,0
q50,nimbus-assurance,0.117729,0.373495,0.000000,0.417053,0.126103,0.438821,0.727571,0
q50,acme-dc-2022,0.063174,0.454668,0.000000,0.464047,0.063174,0.454668,0.000000,0
q50,nimbus-overview-a,0.179581,0.364022,0.000000,0.375444,0.179581,0.364022,0.564213,1
q50,acme-iso27001,0.072888,0.416916,0.000000,0.427371,0.072888,0.416916,0.533184,0
q50,nimbus-cert-soc2-2023,0.112191,0.394402,0.000000,0.405347,0.112191,0.394402,0.119768,0
q50,nimbus-vendor-risk,0.142316,0.357542,0.000000,0.369038,0.142316,0.357542,0.692892,0
q50,nimbus-subprocessors,0.109026,0.370741,0.000000,0.382076,0.109026,0.370741,0.756775,0
q50,acme-irap,0.097236,0.374195,0.000000,0.385481,0.097236,0.374195,0.740348,0
q50,nimbus-cert-soc2-2025,0.113426,0.357542,0.000000,0.369038,0.113426,0.357542,0.770464,0
q50,nimbus-enc-at-rest,0.110579,0.355957,0.000000,0.367471,0.110579,0.355957,0.711144,0
q50,acme-sla,0.001793,0.410525,0.000000,0.421131,0.001793,0.410525,0.575164,0
q50,nimbus-dr,0.046294,0.362380,0.000000,0.373822,0.046294,0.362380,0.730309,0
q50,nimbus-retention,0.026173,0.362380,0.000000,0.373822,0.026173,0.362380,0.665513,0
q50,nimbus-overview-d,0.112539,0.000000,0.000000,0.000000,0.112539,0.000000,0.185477,0
q50,nimbus-insurance-2023,0.100129,0.000000,0.000000,0.000000,0.100129,0.000000,0.000000,0
q50,nimbus-breach-history,0.082447,0.000000,0.000000,0.000000,0.082447,0.000000,0.759513,0
q50,nimbus-ai-governance,0.080889,0.000000,0.000000,0.000000,0.080889,0.000000,0.789629,0
q50,nimbus-hr-onboarding,0.050820,0.000000,0.000000,0.000000,0.050820,0.000000,0.676465,0
q50,nimbus-sla,0.041702,0.000000,0.000000,0.000000,0.041702,0.000000,0.646348,0
q50,acme-rfi,0.016243,0.000000,0.000000,0.000000,0.016243,0.000000,0.626271,0
q51,acme-iso27001,0.300695,8.175111,5.074907,8.362862,0.300695,8.175111,0.533184,1
q51,nimbus-overview-c,0.245619,7.202204,0.000000,7.394948,0.245619,7.202204,0.391728,0
q51,nimbus-overview-b,0.235954,6.639220,0.000000,6.841759,0.235954,6.639220,0.634484,0
q51,nimbus-cert-soc2-2025,0.211507,4.824224,0.000000,4.949922,0.211507,4.824224,0.770464,0
q51,acme-dc-2025,0.112302,4.774527,0.011490,4.923101,0.112302,4.774527,0.706581,0
q51,nimbus-vendor-risk,0.226361,4.508957,0.000000,4.653557,0.226361,4.508957,0.692892,0
q51,nimbus-cert-soc2-2023,0.238175,4.406126,0.000000,4.528231,0.238175,4.406126,0.119768,0
q51,nimbus-enc-in-transit,0.159204,3.673910,0.000000,3.778083,0.159204,3.673910,0.711144,0
q51,nimbus-retention,0.117400,3.661773,0.009962,3.777391,0.117400,3.661773,0.665513,0
q51,nimbus-cert-soc1,0.250451,3.515524,0.000000,3.578313,0.250451,3.515524,0.636310,0
q51,nimbus-ai-governance,0.159070,3.500247,0.000000,3.625099,0.159070,3.500247,0.789629,0
q51,nimbus-subcontractors,0.124337,3.454763,0.000000,3.520816,0.124337,3.454763,0.630834,0
q51,nimbus-overview-a,0.233396,3.293466,0.000000,3.396268,0.233396,3.293466,0.564213,0
q51,nimbus-partners,0.146488,2.662684,0.012445,2.732514,0.146488,2.662684,0.541397,0
q51,nimbus-infosec-policy,0.199640,1.153539,0.000000,1.880143,0.213229,3.417187,0.607106,0
q51,nimbus-hr-offboarding,0.181620,2.383687,0.012445,2.458315,0.181620,2.383687,0.676465,0
q51,nimbus-insurance-2026,0.128131,1.487511,1.443151,1.525595,0.128131,1.487511,0.849862,0
q51,granite-dd,0.169338,1.994574,0.000000,2.054704,0.169338,1.994574,0.614407,0
q51,nimbus-insurance-2023,0.160946,1.757606,0.000000,1.787057,0.160946,1.757606,0.000000,0
q51,nimbus-assurance,0.186146,0.021404,0.012445,0.022243,0.214036,0.022330,0.727571,0
q51,nimbus-integrations,0.184927,0.022889,0.013572,0.023106,0.184927,0.022889,0.617145,0
q51,acme-irap,0.197241,0.021275,0.000000,0.021542,0.197241,0.021275,0.740348,0
q51,nimbus-access-control,0.155601,0.021835,0.012445,0.022074,0.155601,0.021835,0.572426,0
q51,nimbus-subprocessors,0.154368,0.019657,0.012445,0.019969,0.154368,0.019657,0.756775,0
q51,nimbus-breach-history,0.165745,0.019609,0.000000,0.019923,0.165745,0.019609,0.759513,0
q51,nimbus-overview-d,0.159111,0.022194,0.000000,0.022415,0.159111,0.022194,0.185477,0
q51,granite-overview,0.161988,0.018784,0.000000,0.019083,0.161988,0.018784,0.526796,0
q51,nimbus-breach-policy,0.142762,0.022382,0.011490,0.022626,0.142762,0.022382,0.495767,0
q51,acme-overview,0.152251,0.022519,0.000000,0.022722,0.152251,0.022519,0.544135,0
q51,nimbus-hr-onboarding,0.147547,0.018091,0.011490,0.018418,0.147547,0.018091,0.676465,0
q51,nimbus-dr,0.126063,0.016901,0.011490,0.017268,0.126063,0.016901,0.730309,0
q51,nimbus-sla,0.122390,0.020146,0.000000,0.020437,0.122390,0.020146,0.646348,0
q51,acme-rfi,0.116254,0.020945,0.000000,0.021227,0.116254,0.020945,0.626271,0
q51,granite-sla,0.116019,0.018214,0.000000,0.018535,0.116019,0.018214,0.681028,0
q51,nimbus-enc-at-rest,0.113935,0.016692,0.000000,0.017065,0.113935,0.016692,0.711144,0
q51,nimbus-backup,0.108217,0.012862,0.012445,0.013236,0.108217,0.012862,0.665513,0
q51,nimbus-model-training,0.086890,0.019282,0.000000,0.019609,0.086890,0.019282,0.789629,0
q51,acme-dc-2022,0.089064,0.015264,0.000000,0.015578,0.089064,0.015264,0.000000,0
q51,acme-sla,0.068613,0.013782,0.000000,0.014138,0.068613,0.013782,0.575164,0
q52,acme-irap,0.341267,7.326439,2.743058,7.510802,0.341267,7.326439,0.740348,1
q52,nimbus-cert-soc2-2025,0.201332,3.451103,0.000000,3.558910,0.201332,3.451103,0.770464,0
q52,nimbus-integrations,0.131648,3.437563,0.000000,3.544743,0.131648,3.437563,0.617145,0
q52,granite-overview,0.093116,3.110245,0.000000,3.182830,0.093116,3.110245,0.526796,0
q52,nimbus-infosec-policy,0.149414,1.358692,0.000000,1.436712,0.165539,2.368638,0.607106,0
q52,granite-dd,0.148862,0.237468,2.225299,0.244679,0.148862,0.237468,0.614407,0
q52,nimbus-retention,0.114547,0.418791,0.000000,0.423490,0.114547,0.418791,0.665513,0
q52,nimbus-hr-onboarding,0.112954,0.388415,0.000000,0.393675,0.112954,0.388415,0.676465,0
q52,nimbus-enc-at-rest,0.041670,0.416070,0.000000,0.420905,0.041670,0.416070,0.711144,0
q52,nimbus-overview-a,0.130170,0.369724,0.000000,0.375795,0.130170,0.369724,0.564213,0
q52,acme-dc-2025,0.126169,0.370616,0.000000,0.376650,0.126169,0.370616,0.706581,0
q52,nimbus-access-control,0.162110,0.342437,0.000000,0.348681,0.162110,0.342437,0.572426,0
q52,nimbus-hr-offboarding,0.187640,0.321987,0.000000,0.328928,0.187640,0.321987,0.676465,0
q52,acme-overview,0.092757,0.360513,0.000000,0.366034,0.092757,0.360513,0.544135,0
q52,nimbus-subprocessors,0.145079,0.326086,0.000000,0.332899,0.145079,0.326086,0.756775,0
q52,nimbus-assurance,0.175583,0.337265,0.000000,0.265899,0.200580,0.337265,0.727571,0
q52,nimbus-backup,0.123821,0.333518,0.000000,0.340082,0.123821,0.333518,0.665513,0
q52,nimbus-enc-in-transit,0.078107,0.336807,0.000000,0.343256,0.078107,0.336807,0.711144,0
q52,nimbus-ai-governance,0.131826,0.298529,0.000000,0.306112,0.131826,0.298529,0.789629,0
q52,acme-dc-2022,0.126622,0.289881,0.000000,0.295861,0.126622,0.289881,0.000000,0
q52,acme-iso27001,0.173216,0.265812,0.000000,0.272478,0.173216,0.265812,0.533184,0
q52,nimbus-model-training,0.046569,0.317989,0.000000,0.325052,0.046569,0.317989,0.789629,0
q52,acme-sla,0.149226,0.261737,0.000000,0.268499,0.149226,0.261737,0.575164,0
q52,nimbus-vendor-risk,0.208830,0.227956,0.000000,0.235286,0.208830,0.227956,0.692892,0
q52,nimbus-dr,0.189239,0.231041,0.000000,0.238336,0.189239,0.231041,0.730309,0
q52,granite-sla,0.130038,0.257785,0.000000,0.264634,0.130038,0.257785,0.681028,0
q52,nimbus-overview-c,0.122927,0.256494,0.000000,0.263371,0.122927,0.256494,0.391728,0
q52,nimbus-sla,0.126009,0.247808,0.000000,0.254853,0.126009,0.247808,0.646348,0
q52,nimbus-overview-b,0.115410,0.236372,0.000000,0.243599,0.115410,0.236372,0.634484,0
q52,nimbus-partners,0.062426,0.259089,0.000000,0.265910,0.062426,0.259089,0.541397,0
q52,nimbus-subcontractors,0.072128,0.247808,0.000000,0.254853,0.072128,0.247808,0.630834,0
q52,nimbus-cert-soc2-2023,0.201820,0.000000,0.000000,0.000000,0.201820,0.000000,0.119768,0
q52,nimbus-insurance-2026,0.189608,0.000000,0.000000,0.000000,0.189608,0.000000,0.849862,0
q52,nimbus-breach-policy,0.186903,0.000000,0.000000,0.000000,0.186903,0.000000,0.495767,0
q52,acme-rfi,0.146757,0.000000,0.000000,0.000000,0.146757,0.000000,0.626271,0
q52,nimbus-breach-history,0.132284,0.000000,0.000000,0.000000,0.132284,0.000000,0.759513,0
q52,nimbus-cert-soc1,0.130930,0.000000,0.000000,0.000000,0.130930,0.000000,0.636310,0
q52,nimbus-insurance-2023,0.109926,0.000000,0.000000,0.000000,0.109926,0.000000,0.000000,0
q52,nimbus-overview-d,0.066898,0.000000,0.000000,0.000000,0.066898,0.000000,0.185477,0
q53,acme-rfi,0.213391,5.867483,0.000000,6.053889,0.213391,5.867483,0.626271,1
q53,acme-iso27001,0.212360,5.823231,0.000000,5.922975,0.212360,5.823231,0.533184,0
q53,acme-dc-2025,0.248426,4.946071,0.000000,5.051882,0.248426,4.946071,0.706581,1
q53,acme-dc-2022,0.273215,4.893557,0.000000,4.994506,0.273215,4.893557,0.000000,1
q53,acme-overview,0.223351,4.201132,0.000000,4.299836,0.223351,4.201132,0.544135,1
q53,nimbus-integrations,0.080486,3.570097,0.000000,3.681410,0.080486,3.570097,0.617145,0
q53,acme-sla,0.116311,3.079603,0.000000,3.159165,0.116311,3.079603,0.575164,0
q53,acme-irap,0.123158,2.045943,1.656147,2.107649,0.123158,2.045943,0.740348,0
q53,nimbus-breach-policy,0.082465,2.824651,0.000000,2.909461,0.082465,2.824651,0.495767,0
q53,nimbus-infosec-policy,0.073385,0.500896,0.000000,0.583229,0.097731,0.636057,0.607106,0
q53,nimbus-enc-in-transit,0.089571,0.600114,0.000000,0.608775,0.089571,0.600114,0.711144,0
q53,nimbus-hr-offboarding,0.112585,0.579899,0.000000,0.589421,0.112585,0.579899,0.676465,0
q53,granite-dd,0.091291,0.586960,0.000000,0.596190,0.091291,0.586960,0.614407,0
q53,nimbus-insurance-2026,0.024390,0.617013,0.000000,0.624898,0.024390,0.617013,0.849862,0
q53,nimbus-model-training,0.086205,0.574371,0.000000,0.584115,0.086205,0.574371,0.789629,0
q53,nimbus-overview-c,0.116681,0.540715,0.000000,0.550372,0.116681,0.540715,0.391728,0
q53,nimbus-subcontractors,0.126663,0.528270,0.000000,0.538385,0.126663,0.528270,0.630834,0
q53,nimbus-cert-soc1,0.098542,0.540715,0.000000,0.550372,0.098542,0.540715,0.636310,0
q53,nimbus-backup,0.112342,0.523111,0.000000,0.533406,0.112342,0.523111,0.665513,0
q53,nimbus-access-control,0.081064,0.537100,0.000000,0.546893,0.081064,0.537100,0.572426,0
q53,nimbus-assurance,0.086852,0.373495,0.000000,0.417053,0.098441,0.438821,0.727571,0
q53,nimbus-partners,0.071271,0.406372,0.000000,0.417071,0.071271,0.406372,0.541397,0
q53,nimbus-cert-soc2-2023,0.090166,0.394402,0.000000,0.405347,0.090166,0.394402,0.119768,0
q53,nimbus-subprocessors,0.136489,0.370741,0.000000,0.382076,0.136489,0.370741,0.756775,0
q53,nimbus-enc-at-rest,0.151209,0.355957,0.000000,0.367471,0.151209,0.355957,0.711144,0
q53,nimbus-overview-a,0.127994,0.364022,0.000000,0.375444,0.127994,0.364022,0.564213,0
q53,nimbus-dr,0.097519,0.362380,0.000000,0.373822,0.097519,0.362380,0.730309,0
q53,nimbus-cert-soc2-2025,0.084234,0.357542,0.000000,0.369038,0.084234,0.357542,0.770464,0
q53,nimbus-retention,0.059819,0.362380,0.000000,0.373822,0.059819,0.362380,0.665513,0
q53,nimbus-vendor-risk,0.057151,0.357542,0.000000,0.369038,0.057151,0.357542,0.692892,0
q53,nimbus-overview-b,0.127915,0.000000,0.000000,0.000000,0.127915,0.000000,0.634484,0
q53,nimbus-overview-d,0.121300,0.000000,0.000000,0.000000,0.121300,0.000000,0.185477,0
q53,granite-sla,0.107182,0.000000,0.000000,0.000000,0.107182,0.000000,0.681028,0
q53,granite-overview,0.101372,0.000000,0.000000,0.000000,0.101372,0.000000,0.526796,0
q53,nimbus-hr-onboarding,0.092514,0.000000,0.000000,0.000000,0.092514,0.000000,0.676465,0
q53,nimbus-sla,0.086578,0.000000,0.000000,0.000000,0.086578,0.000000,0.646348,0
q53,nimbus-ai-governance,0.050859,0.000000,0.000000,0.000000,0.050859,0.000000,0.789629,0
q53,nimbus-breach-history,0.041146,0.000000,0.000000,0.000000,0.041146,0.000000,0.759513,0
q53,nimbus-insurance-2023,0.037301,0.000000,0.000000,0.000000,0.037301,0.000000,0.000000,0
q54,acme-dc-2025,0.303614,8.095593,0.581174,8.277424,0.303614,8.095593,0.706581,1
q54,acme-dc-2022,0.262616,7.331575,0.534158,7.474232,0.262616,7.331575,0.000000,0
q54,nimbus-insurance-2023,0.077585,5.919433,0.000000,6.018622,0.077585,5.919433,0.000000,0
q54,nimbus-cert-soc2-2023,0.116738,4.851949,0.000000,4.984281,0.116738,4.851949,0.119768,0
q54,nimbus-integrations,0.133250,4.264476,0.000000,4.397438,0.133250,4.264476,0.617145,0
q54,nimbus-subprocessors,0.196332,3.985776,0.000000,4.094079,0.196332,3.985776,0.756775,0
q54,nimbus-breach-policy,0.098703,3.242067,0.411241,3.338783,0.098703,3.242067,0.495767,0
q54,nimbus-ai-governance,0.136817,2.061356,0.000000,2.135225,0.136817,2.061356,0.789629,0
q54,nimbus-enc-at-rest,0.178550,1.687293,0.445406,1.721411,0.178550,1.687293,0.711144,0
q54,nimbus-enc-in-transit,0.173412,1.572466,0.620851,1.604274,0.173412,1.572466,0.711144,0
q54,nimbus-model-training,0.176107,1.365129,0.532392,1.395450,0.176107,1.365129,0.789629,0
q54,nimbus-overview-a,0.162387,1.602302,0.000000,1.635154,0.162387,1.602302,0.564213,0
q54,nimbus-overview-b,0.163349,1.507942,0.000000,1.542364,0.163349,1.507942,0.634484,0
q54,nimbus-overview-c,0.152687,1.504073,0.000000,1.536967,0.152687,1.504073,0.391728,0
q54,nimbus-breach-history,0.169712,1.455702,0.000000,1.490467,0.169712,1.455702,0.759513,0
q54,acme-rfi,0.101977,1.374838,0.000000,1.410900,0.101977,1.374838,0.626271,0
q54,nimbus-partners,0.124553,1.199228,0.000000,1.214820,0.124553,1.199228,0.541397,0
q54,acme-irap,0.093540,1.201298,0.000000,1.237529,0.093540,1.201298,0.740348,0
q54,nimbus-subcontractors,0.164257,1.061209,0.161988,1.081528,0.164257,1.061209,0.630834,0
q54,nimbus-cert-soc1,0.126001,1.046286,0.000000,1.055622,0.126001,1.046286,0.636310,0
q54,nimbus-cert-soc2-2025,0.130091,1.001916,0.000000,1.024170,0.130091,1.001916,0.770464,0
q54,nimbus-backup,0.198737,0.835876,0.000000,0.857865,0.198737,0.835876,0.665513,0
q54,nimbus-assurance,0.115531,0.549825,0.000000,0.798691,0.125142,0.958142,0.727571,0
q54,acme-iso27001,0.135177,0.837516,0.000000,0.858520,0.135177,0.837516,0.533184,0
q54,nimbus-access-control,0.112953,0.800145,0.000000,0.821977,0.112953,0.800145,0.572426,0
q54,nimbus-sla,0.145495,0.780790,0.000000,0.802989,0.145495,0.780790,0.646348,0
q54,nimbus-hr-offboarding,0.062996,0.775496,0.000000,0.792214,0.062996,0.775496,0.676465,0
q54,nimbus-dr,0.113094,0.731256,0.000000,0.748962,0.113094,0.731256,0.730309,0
q54,nimbus-retention,0.151420,0.695087,0.000000,0.706596,0.151420,0.695087,0.665513,0
q54,acme-sla,0.130388,0.687545,0.000000,0.705308,0.130388,0.687545,0.575164,0
q54,nimbus-vendor-risk,0.125786,0.599262,0.000000,0.612573,0.125786,0.599262,0.692892,0
q54,nimbus-infosec-policy,0.115338,0.414053,0.000000,0.520438,0.126163,0.569225,0.607106,0
q54,nimbus-hr-onboarding,0.118107,0.480965,0.000000,0.493974,0.118107,0.480965,0.676465,0
q54,acme-overview,0.126869,0.298905,0.000000,0.302300,0.126869,0.298905,0.544135,0
q54,nimbus-overview-d,0.146006,0.261182,0.000000,0.265546,0.146006,0.261182,0.185477,0
q54,granite-sla,0.122635,0.191359,0.000000,0.196443,0.122635,0.191359,0.681028,0
q54,granite-overview,0.067528,0.200437,0.000000,0.205308,0.067528,0.200437,0.526796,0
q54,nimbus-insurance-2026,0.078158,0.194292,0.000000,0.199312,0.078158,0.194292,0.849862,0
q54,granite-dd,0.038184,0.000000,0.000000,0.000000,0.038184,0.000000,0.614407,0
q55,nimbus-integrations,0.119521,3.204419,0.000000,3.304329,0.119521,3.204419,0.617145,0
q55,acme-rfi,0.166440,3.161252,0.000000,3.261683,0.166440,3.161252,0.626271,1
q55,nimbus-subprocessors,0.203140,0.000000,0.000000,0.000000,0.203140,0.000000,0.756775,0
q55,nimbus-insurance-2023,0.170418,0.000000,0.000000,0.000000,0.170418,0.000000,0.000000,0
q55,nimbus-breach-policy,0.162805,0.000000,0.000000,0.000000,0.162805,0.000000,0.495767,0
q55,nimbus-breach-history,0.157987,0.000000,0.000000,0.000000,0.157987,0.000000,0.759513,0
q55,nimbus-insurance-2026,0.156438,0.000000,0.000000,0.000000,0.156438,0.000000,0.849862,0
q55,nimbus-vendor-risk,0.154107,0.000000,0.000000,0.000000,0.154107,0.000000,0.692892,0
q55,nimbus-assurance,0.123733,0.000000,0.000000,0.000000,0.152770,0.000000,0.727571,0
q55,nimbus-infosec-policy,0.104959,0.000000,0.000000,0.000000,0.151890,0.000000,0.607106,0
q55,acme-irap,0.145175,0.000000,0.000000,0.000000,0.145175,0.000000,0.740348,0
q55,acme-dc-2022,0.139166,0.000000,0.000000,0.000000,0.139166,0.000000,0.000000,0
q55,acme-dc-2025,0.136621,0.000000,0.000000,0.000000,0.136621,0.000000,0.706581,0
q55,nimbus-access-control,0.133362,0.000000,0.000000,0.000000,0.133362,0.000000,0.572426,0
q55,nimbus-retention,0.132040,0.000000,0.000000,0.000000,0.132040,0.000000,0.665513,0
q55,nimbus-hr-offboarding,0.131888,0.000000,0.000000,0.000000,0.131888,0.000000,0.676465,0
q55,acme-iso27001,0.131760,0.000000,0.000000,0.000000,0.131760,0.000000,0.533184,0
q55,nimbus-dr,0.127684,0.000000,0.000000,0.000000,0.127684,0.000000,0.730309,0
q55,nimbus-overview-c,0.124953,0.000000,0.000000,0.000000,0.124953,0.000000,0.391728,0
q55,nimbus-model-training,0.123843,0.000000,0.000000,0.000000,0.123843,0.000000,0.789629,0
q55,nimbus-sla,0.123310,0.000000,0.000000,0.000000,0.123310,0.000000,0.646348,0
q55,nimbus-overview-a,0.122464,0.000000,0.000000,0.000000,0.122464,0.000000,0.564213,0
q55,acme-overview,0.119567,0.000000,0.000000,0.000000,0.119567,0.000000,0.544135,0
q55,nimbus-cert-soc2-2023,0.115369,0.000000,0.000000,0.000000,0.115369,0.000000,0.119768,0
q55,nimbus-enc-in-transit,0.115324,0.000000,0.000000,0.000000,0.115324,0.000000,0.711144,0
q55,nimbus-enc-at-rest,0.115192,0.000000,0.000000,0.000000,0.115192,0.000000,0.711144,0
q55,nimbus-overview-d,0.115144,0.000000,0.000000,0.000000,0.115144,0.000000,0.185477,0
q55,acme-sla,0.113882,0.000000,0.000000,0.000000,0.113882,0.000000,0.575164,0
q55,nimbus-overview-b,0.113738,0.000000,0.000000,0.000000,0.113738,0.000000,0.634484,0
q55,nimbus-cert-soc2-2025,0.110668,0.000000,0.000000,0.000000,0.110668,0.000000,0.770464,0
q55,nimbus-subcontractors,0.103517,0.000000,0.000000,0.000000,0.103517,0.000000,0.630834,0
q55,nimbus-cert-soc1,0.103440,0.000000,0.000000,0.000000,0.103440,0.000000,0.636310,0
q55,granite-dd,0.100776,0.000000,0.000000,0.000000,0.100776,0.000000,0.614407,0
q55,nimbus-ai-governance,0.100637,0.000000,0.000000,0.000000,0.100637,0.000000,0.789629,0
q55,granite-overview,0.095923,0.000000,0.000000,0.000000,0.095923,0.000000,0.526796,0
q55,nimbus-hr-onboarding,0.091534,0.000000,0.000000,0.000000,0.091534,0.000000,0.676465,0
q55,nimbus-backup,0.090642,0.000000,0.000000,0.000000,0.090642,0.000000,0.665513,0
q55,nimbus-partners,0.086356,0.000000,0.000000,0.000000,0.086356,0.000000,0.541397,0
q55,granite-sla,0.083307,0.000000,0.000000,0.000000,0.083307,0.000000,0.681028,0
q56,acme-sla,0.371828,9.431730,1.833296,9.626519,0.371828,9.431730,0.575164,1
q56,acme-dc-2025,0.219549,5.032984,0.000000,5.187951,0.219549,5.032984,0.706581,0
q56,nimbus-subcontractors,0.149886,4.656110,0.656290,4.745260,0.149886,4.656110,0.630834,0
q56,nimbus-cert-soc1,0.173509,4.286927,0.000000,4.370398,0.173509,4.286927,0.636310,0
q56,nimbus-sla,0.232582,3.165250,1.528686,3.224738,0.232582,3.165250,0.646348,0
q56,granite-sla,0.261818,3.052972,0.980845,3.110960,0.261818,3.052972,0.681028,0
q56,nimbus-subprocessors,0.224070,3.431514,0.000000,3.533025,0.224070,3.431514,0.756775,0
q56,nimbus-model-training,0.228254,3.393955,0.000000,3.472303,0.228254,3.393955,0.789629,0
q56,acme-iso27001,0.230497,2.572605,0.000000,2.633129,0.230497,2.572605,0.533184,0
q56,nimbus-cert-soc2-2025,0.205906,2.560770,0.000000,2.626228,0.205906,2.560770,0.770464,0
q56,acme-dc-2022,0.227413,2.407622,0.000000,2.457289,0.227413,2.407622,0.000000,0
q56,nimbus-overview-b,0.122006,2.257025,0.000000,2.324074,0.122006,2.257025,0.634484,0
q56,nimbus-enc-in-transit,0.222361,1.910981,0.000000,1.947269,0.222361,1.910981,0.711144,0
q56,nimbus-cert-soc2-2023,0.203939,1.893593,0.000000,1.941225,0.203939,1.893593,0.119768,0
q56,nimbus-dr,0.233585,1.871913,0.000000,1.915585,0.233585,1.871913,0.730309,0
q56,nimbus-retention,0.185965,1.885605,0.000000,1.927036,0.185965,1.885605,0.665513,0
q56,nimbus-integrations,0.170727,1.861427,0.000000,1.903754,0.170727,1.861427,0.617145,0
q56,nimbus-partners,0.138753,1.836203,0.000000,1.884546,0.138753,1.836203,0.541397,0
q56,nimbus-overview-a,0.135073,1.644844,0.000000,1.696455,0.135073,1.644844,0.564213,0
q56,granite-overview,0.083502,1.660623,0.000000,1.697891,0.083502,1.660623,0.526796,0
q56,nimbus-hr-offboarding,0.172631,1.414105,0.000000,1.456518,0.172631,1.414105,0.676465,0
q56,nimbus-overview-c,0.134184,1.342473,0.000000,1.378465,0.134184,1.342473,0.391728,0
q56,nimbus-insurance-2026,0.165433,1.122106,0.000000,1.149206,0.165433,1.122106,0.849862,0
q56,acme-irap,0.192909,1.108466,0.000000,1.135362,0.192909,1.108466,0.740348,0
q56,nimbus-breach-history,0.144273,0.924979,0.000000,0.944458,0.144273,0.924979,0.759513,0
q56,nimbus-infosec-policy,0.157218,0.568867,0.000000,0.759529,0.197106,0.918655,0.607106,0
q56,nimbus-hr-onboarding,0.141734,0.808728,0.000000,0.827354,0.141734,0.808728,0.676465,0
q56,acme-rfi,0.214900,0.758389,0.000000,0.777981,0.214900,0.758389,0.626271,0
q56,nimbus-access-control,0.135077,0.762415,0.000000,0.776317,0.135077,0.762415,0.572426,0
q56,nimbus-ai-governance,0.148183,0.713673,0.000000,0.733688,0.148183,0.713673,0.789629,0
q56,nimbus-overview-d,0.069356,0.588759,0.000000,0.603674,0.069356,0.588759,0.185477,0
q56,nimbus-assurance,0.168733,0.221162,0.000000,0.251689,0.184665,0.269087,0.727571,0
q56,nimbus-breach-policy,0.131310,0.263203,0.000000,0.266068,0.131310,0.263203,0.495767,0
q56,nimbus-vendor-risk,0.158380,0.226748,0.000000,0.230595,0.158380,0.226748,0.692892,0
q56,granite-dd,0.139803,0.231718,0.000000,0.235362,0.139803,0.231718,0.614407,0
q56,nimbus-backup,0.159189,0.206512,0.000000,0.210576,0.159189,0.206512,0.665513,0
q56,acme-overview,0.199382,0.169878,0.000000,0.173869,0.199382,0.169878,0.544135,0
q56,nimbus-insurance-2023,0.138222,0.192570,0.000000,0.195797,0.138222,0.192570,0.000000,0
q56,nimbus-enc-at-rest,0.175193,0.140524,0.000000,0.145069,0.175193,0.140524,0.711144,0
q57,nimbus-breach-policy,0.158123,3.009274,0.011490,3.111553,0.158123,3.009274,0.495767,0
q57,nimbus-partners,0.118954,2.662684,0.012445,2.732514,0.118954,2.662684,0.541397,0
q57,acme-dc-2025,0.051211,2.397021,0.011490,2.471467,0.051211,2.397021,0.706581,0
q57,nimbus-infosec-policy,0.114480,0.713746,0.000000,1.158305,0.129839,2.097809,0.607106,0
q57,granite-dd,0.300593,0.022270,0.000000,0.022506,0.300593,0.022270,0.614407,1
q57,nimbus-assurance,0.140574,0.021404,0.012445,0.022243,0.161375,0.022330,0.727571,0
q57,nimbus-integrations,0.146495,0.022889,0.013572,0.023106,0.146495,0.022889,0.617145,0
q57,acme-irap,0.158685,0.021275,0.000000,0.021542,0.158685,0.021275,0.740348,0
q57,nimbus-hr-offboarding,0.141351,0.016954,0.012445,0.017320,0.141351,0.016954,0.676465,0
q57,granite-sla,0.150257,0.018214,0.000000,0.018535,0.150257,0.018214,0.681028,0
q57,nimbus-retention,0.151355,0.012165,0.009962,0.012550,0.151355,0.012165,0.665513,0
q57,granite-overview,0.147636,0.018784,0.000000,0.019083,0.147636,0.018784,0.526796,0
q57,nimbus-subprocessors,0.132801,0.019657,0.012445,0.019969,0.132801,0.019657,0.756775,0
q57,nimbus-vendor-risk,0.138186,0.020864,0.000000,0.021150,0.138186,0.020864,0.692892,0
q57,nimbus-enc-in-transit,0.138568,0.020146,0.000000,0.020437,0.138568,0.020146,0.711144,0
q57,nimbus-cert-soc2-2025,0.130476,0.022728,0.000000,0.022954,0.130476,0.022728,0.770464,0
q57,nimbus-breach-history,0.126328,0.019609,0.000000,0.019923,0.126328,0.019609,0.759513,0
q57,nimbus-sla,0.125240,0.020146,0.000000,0.020437,0.125240,0.020146,0.646348,0
q57,nimbus-access-control,0.108502,0.021835,0.012445,0.022074,0.108502,0.021835,0.572426,0
q57,nimbus-backup,0.125841,0.012862,0.012445,0.013236,0.125841,0.012862,0.665513,0
q57,nimbus-dr,0.115045,0.016901,0.011490,0.017268,0.115045,0.016901,0.730309,0
q57,acme-rfi,0.117812,0.020945,0.000000,0.021227,0.117812,0.020945,0.626271,0
q57,acme-iso27001,0.106334,0.022240,0.000000,0.022458,0.106334,0.022240,0.533184,0
q57,nimbus-model-training,0.111856,0.019282,0.000000,0.019609,0.111856,0.019282,0.789629,0
q57,nimbus-overview-a,0.102046,0.023439,0.000000,0.023636,0.102046,0.023439,0.564213,0
q57,nimbus-ai-governance,0.103238,0.022734,0.000000,0.022969,0.103238,0.022734,0.789629,0
q57,acme-sla,0.120995,0.013782,0.000000,0.014138,0.120995,0.013782,0.575164,0
q57,nimbus-cert-soc2-2023,0.112618,0.017911,0.000000,0.018244,0.112618,0.017911,0.119768,0
q57,nimbus-insurance-2026,0.103678,0.022103,0.000000,0.022329,0.103678,0.022103,0.849862,0
q57,nimbus-overview-b,0.099411,0.022233,0.000000,0.022471,0.099411,0.022233,0.634484,0
q57,nimbus-hr-onboarding,0.093681,0.018091,0.011490,0.018418,0.093681,0.018091,0.676465,0
q57,nimbus-subcontractors,0.095872,0.020146,0.000000,0.020437,0.095872,0.020146,0.630834,0
q57,nimbus-overview-c,0.091927,0.021924,0.000000,0.022159,0.091927,0.021924,0.391728,0
q57,acme-overview,0.083507,0.022519,0.000000,0.022722,0.083507,0.022519,0.544135,0
q57,nimbus-overview-d,0.083140,0.022194,0.000000,0.022415,0.083140,0.022194,0.185477,0
q57,acme-dc-2022,0.086920,0.015264,0.000000,0.015578,0.086920,0.015264,0.000000,0
q57,nimbus-insurance-2023,0.076977,0.016376,0.000000,0.016650,0.076977,0.016376,0.000000,0
q57,nimbus-enc-at-rest,0.075295,0.016692,0.000000,0.017065,0.075295,0.016692,0.711144,0
q57,nimbus-cert-soc1,0.104209,0.000000,0.000000,0.000000,0.104209,0.000000,0.636310,0
q58,nimbus-infosec-policy,0.140865,3.145680,0.000000,4.786988,0.161469,6.176527,0.607106,0
q58,nimbus-partners,0.092516,4.192575,0.000000,4.302955,0.092516,4.192575,0.541397,0
q58,nimbus-integrations,0.138223,3.570097,0.000000,3.681410,0.138223,3.570097,0.617145,0
q58,acme-overview,0.118186,3.184163,0.000000,3.258974,0.118186,3.184163,0.544135,0
q58,nimbus-assurance,0.119469,2.100610,0.000000,2.928464,0.127112,2.312430,0.727571,0
q58,nimbus-overview-c,0.134829,2.491679,0.000000,2.553643,0.134829,2.491679,0.391728,0
q58,nimbus-cert-soc2-2023,0.138152,2.156427,0.000000,2.216268,0.138152,2.156427,0.119768,0
q58,nimbus-breach-policy,0.075972,2.131339,0.000000,2.192465,0.075972,2.131339,0.495767,0
q58,granite-overview,0.183119,2.053810,0.000000,2.103714,0.183119,2.053810,0.526796,1
q58,acme-irap,0.140171,2.045943,0.000000,2.107649,0.140171,2.045943,0.740348,0
q58,nimbus-dr,0.105773,1.981344,0.000000,2.043904,0.105773,1.981344,0.730309,0
q58,nimbus-cert-soc2-2025,0.136816,1.954891,0.000000,2.017749,0.136816,1.954891,0.770464,0
q58,nimbus-vendor-risk,0.126314,0.357542,1.797724,0.369038,0.126314,0.357542,0.692892,0
q58,granite-dd,0.165721,0.586960,0.000000,0.596190,0.165721,0.586960,0.614407,0
q58,nimbus-enc-in-transit,0.122892,0.600114,0.000000,0.608775,0.122892,0.600114,0.711144,0
q58,nimbus-insurance-2026,0.075990,0.617013,0.000000,0.624898,0.075990,0.617013,0.849862,0
q58,nimbus-model-training,0.126877,0.574371,0.000000,0.584115,0.126877,0.574371,0.789629,0
q58,nimbus-hr-offboarding,0.110952,0.579899,0.000000,0.589421,0.110952,0.579899,0.676465,0
q58,nimbus-cert-soc1,0.129233,0.540715,0.000000,0.550372,0.129233,0.540715,0.636310,0
q58,nimbus-access-control,0.120783,0.537100,0.000000,0.546893,0.120783,0.537100,0.572426,0
q58,nimbus-backup,0.115111,0.523111,0.000000,0.533406,0.115111,0.523111,0.665513,0
q58,nimbus-subcontractors,0.057521,0.528270,0.000000,0.538385,0.057521,0.528270,0.630834,0
q58,acme-dc-2022,0.088219,0.454668,0.000000,0.464047,0.088219,0.454668,0.000000,0
q58,acme-iso27001,0.107405,0.416916,0.000000,0.427371,0.107405,0.416916,0.533184,0
q58,acme-sla,0.100253,0.410525,0.000000,0.421131,0.100253,0.410525,0.575164,0
q58,nimbus-subprocessors,0.137079,0.370741,0.000000,0.382076,0.137079,0.370741,0.756775,0
q58,nimbus-overview-a,0.139469,0.364022,0.000000,0.375444,0.139469,0.364022,0.564213,0
q58,nimbus-enc-at-rest,0.154417,0.355957,0.000000,0.367471,0.154417,0.355957,0.711144,0
q58,nimbus-retention,0.109756,0.362380,0.000000,0.373822,0.109756,0.362380,0.665513,0
q58,nimbus-overview-b,0.128385,0.000000,0.000000,0.000000,0.128385,0.000000,0.634484,0
q58,acme-dc-2025,0.113049,0.000000,0.000000,0.000000,0.113049,0.000000,0.706581,0
q58,nimbus-ai-governance,0.106297,0.000000,0.000000,0.000000,0.106297,0.000000,0.789629,0
q58,granite-sla,0.106212,0.000000,0.000000,0.000000,0.106212,0.000000,0.681028,0
q58,nimbus-breach-history,0.101984,0.000000,0.000000,0.000000,0.101984,0.000000,0.759513,0
q58,nimbus-hr-onboarding,0.098858,0.000000,0.000000,0.000000,0.098858,0.000000,0.676465,0
q58,nimbus-sla,0.097895,0.000000,0.000000,0.000000,0.097895,0.000000,0.646348,0
q58,nimbus-insurance-2023,0.088905,0.000000,0.000000,0.000000,0.088905,0.000000,0.000000,0
q58,nimbus-overview-d,0.075460,0.000000,0.000000,0.000000,0.075460,0.000000,0.185477,0
q58,acme-rfi,0.060997,0.000000,0.000000,0.000000,0.060997,0.000000,0.626271,0
q59,nimbus-sla,0.294581,14.239587,0.000000,14.598143,0.294581,14.239587,0.646348,0
q59,nimbus-cert-soc2-2025,0.216459,4.646841,0.000000,4.790317,0.216459,4.646841,0.770464,0
q59,granite-sla,0.196049,4.679142,0.000000,4.776834,0.196049,4.679142,0.681028,1
q59,nimbus-overview-d,0.143043,3.634546,0.000000,3.726619,0.143043,3.634546,0.185477,0
q59,nimbus-cert-soc2-2023,0.182900,3.185600,0.000000,3.269085,0.182900,3.185600,0.119768,0
q59,nimbus-backup,0.200541,3.041432,0.000000,3.127977,0.200541,3.041432,0.665513,0
q59,nimbus-dr,0.231482,2.928251,0.000000,3.016218,0.231482,2.928251,0.730309,0
q59,nimbus-breach-history,0.204097,2.932012,0.000000,3.020294,0.204097,2.932012,0.759513,0
q59,nimbus-vendor-risk,0.127633,2.872420,0.000000,2.961337,0.127633,2.872420,0.692892,0
q59,nimbus-cert-soc1,0.145687,2.728620,0.000000,2.765157,0.145687,2.728620,0.636310,0
q59,acme-irap,0.150274,2.097547,0.000000,2.154273,0.150274,2.097547,0.740348,0
q59,nimbus-enc-in-transit,0.167866,1.945000,0.000000,1.998363,0.167866,1.945000,0.711144,0
q59,nimbus-retention,0.119188,1.956110,0.000000,2.015914,0.119188,1.956110,0.665513,0
q59,nimbus-access-control,0.161958,1.931619,0.000000,1.984323,0.161958,1.931619,0.572426,0
q59,nimbus-model-training,0.109549,1.842696,0.000000,1.897425,0.109549,1.842696,0.789629,0
q59,nimbus-overview-c,0.177013,1.797319,0.000000,1.845507,0.177013,1.797319,0.391728,0
q59,nimbus-overview-a,0.179978,1.770007,0.000000,1.825545,0.179978,1.770007,0.564213,0
q59,nimbus-assurance,0.199330,0.221162,0.000000,0.251689,0.227712,0.269087,0.727571,0
q59,acme-sla,0.182189,0.259925,0.000000,0.262576,0.182189,0.259925,0.575164,0
q59,acme-iso27001,0.166784,0.261532,0.000000,0.264099,0.166784,0.261532,0.533184,0
q59,nimbus-breach-policy,0.144065,0.263203,0.000000,0.266068,0.144065,0.263203,0.495767,0
q59,nimbus-infosec-policy,0.148928,0.193843,0.000000,0.237182,0.162315,0.265418,0.607106,0
q59,acme-rfi,0.138492,0.246300,0.000000,0.249623,0.138492,0.246300,0.626271,0
q59,nimbus-subprocessors,0.156416,0.231155,0.000000,0.234823,0.156416,0.231155,0.756775,0
q59,nimbus-hr-onboarding,0.136613,0.240504,0.000000,0.243761,0.136613,0.240504,0.676465,0
q59,granite-overview,0.111723,0.247382,0.000000,0.250311,0.111723,0.247382,0.526796,0
q59,nimbus-ai-governance,0.106519,0.249520,0.000000,0.252902,0.106519,0.249520,0.789629,0
q59,nimbus-integrations,0.143073,0.229483,0.000000,0.233219,0.143073,0.229483,0.617145,0
q59,granite-dd,0.126471,0.231718,0.000000,0.235362,0.126471,0.231718,0.614407,0
q59,nimbus-overview-b,0.180162,0.201910,0.000000,0.206128,0.180162,0.201910,0.634484,0
q59,acme-dc-2025,0.155887,0.200001,0.000000,0.204279,0.155887,0.200001,0.706581,0
q59,nimbus-insurance-2026,0.119359,0.216374,0.000000,0.220074,0.119359,0.216374,0.849862,0
q59,nimbus-hr-offboarding,0.143856,0.199372,0.000000,0.203670,0.143856,0.199372,0.676465,0
q59,nimbus-subcontractors,0.117796,0.208549,0.000000,0.212542,0.117796,0.208549,0.630834,0
q59,nimbus-insurance-2023,0.128321,0.192570,0.000000,0.195797,0.128321,0.192570,0.000000,0
q59,acme-overview,0.120242,0.169878,0.000000,0.173869,0.120242,0.169878,0.544135,0
q59,nimbus-partners,0.117923,0.160426,0.000000,0.164650,0.117923,0.160426,0.541397,0
q59,nimbus-enc-at-rest,0.155221,0.140524,0.000000,0.145069,0.155221,0.140524,0.711144,0
q59,acme-dc-2022,0.137245,0.000000,0.000000,0.000000,0.137245,0.000000,0.000000,0
q60,nimbus-sla,0.279359,9.677259,0.000000,9.889144,0.279359,9.677259,0.646348,1
q60,granite-sla,0.274868,5.222373,2.890425,5.341178,0.274868,5.222373,0.681028,0
q60,acme-sla,0.271969,5.291002,0.000000,5.407904,0.271969,5.291002,0.575164,0
q60,nimbus-subcontractors,0.122909,3.893184,0.161988,3.967726,0.122909,3.893184,0.630834,0
q60,nimbus-cert-soc1,0.136210,3.728985,0.000000,3.795587,0.136210,3.728985,0.636310,0
q60,nimbus-integrations,0.190659,3.348780,0.000000,3.453192,0.190659,3.348780,0.617145,0
q60,acme-dc-2025,0.153341,2.700188,0.000000,2.777377,0.153341,2.700188,0.706581,0
q60,nimbus-assurance,0.203751,1.943598,0.000000,2.594429,0.229839,2.258686,0.727571,0
q60,nimbus-infosec-policy,0.155385,1.444959,0.000000,2.253490,0.190039,2.348127,0.607106,0
q60,nimbus-backup,0.190240,1.982455,0.000000,2.037803,0.190240,1.982455,0.665513,0
q60,nimbus-ai-governance,0.087303,1.742122,0.000000,1.799886,0.087303,1.742122,0.789629,0
q60,granite-dd,0.158188,1.686620,0.000000,1.737838,0.158188,1.686620,0.614407,0
q60,nimbus-dr,0.222667,0.494598,0.000000,0.502873,0.222667,0.494598,0.730309,0
q60,acme-dc-2022,0.137293,0.538318,0.000000,0.544350,0.137293,0.538318,0.000000,0
q60,nimbus-cert-soc2-2023,0.156634,0.491203,0.000000,0.499240,0.156634,0.491203,0.119768,0
q60,nimbus-breach-history,0.101668,0.507044,0.000000,0.515159,0.101668,0.507044,0.759513,0
q60,nimbus-cert-soc2-2025,0.181450,0.432946,0.000000,0.442562,0.181450,0.432946,0.770464,0
q60,nimbus-overview-d,0.089118,0.479042,0.000000,0.487047,0.089118,0.479042,0.185477,0
q60,nimbus-enc-in-transit,0.191199,0.337393,0.175445,0.346986,0.191199,0.337393,0.711144,0
q60,nimbus-enc-at-rest,0.145910,0.431606,0.000000,0.441262,0.145910,0.431606,0.711144,0
q60,nimbus-overview-b,0.126658,0.423480,0.000000,0.432352,0.126658,0.423480,0.634484,0
q60,nimbus-overview-a,0.133817,0.418160,0.000000,0.427176,0.133817,0.418160,0.564213,0
q60,acme-rfi,0.129405,0.417036,0.000000,0.425783,0.129405,0.417036,0.626271,0
q60,nimbus-subprocessors,0.186647,0.377374,0.000000,0.386956,0.186647,0.377374,0.756775,0
q60,acme-iso27001,0.190453,0.361906,0.000000,0.370981,0.190453,0.361906,0.533184,0
q60,granite-overview,0.153318,0.367629,0.000000,0.376562,0.153318,0.367629,0.526796,0
q60,nimbus-partners,0.072488,0.407234,0.000000,0.416055,0.072488,0.407234,0.541397,0
q60,acme-irap,0.165941,0.324821,0.000000,0.334618,0.165941,0.324821,0.740348,0
q60,nimbus-access-control,0.120348,0.345757,0.000000,0.355191,0.120348,0.345757,0.572426,0
q60,nimbus-model-training,0.181863,0.226748,0.150448,0.230595,0.181863,0.226748,0.789629,0
q60,acme-overview,0.124828,0.298905,0.000000,0.302300,0.124828,0.298905,0.544135,0
q60,nimbus-breach-policy,0.104641,0.253509,0.000000,0.256704,0.104641,0.253509,0.495767,0
q60,nimbus-insurance-2023,0.117152,0.230862,0.000000,0.234731,0.117152,0.230862,0.000000,0
q60,nimbus-hr-onboarding,0.151725,0.212745,0.000000,0.216585,0.151725,0.212745,0.676465,0
q60,nimbus-overview-c,0.130941,0.190400,0.000000,0.195505,0.130941,0.190400,0.391728,0
q60,nimbus-insurance-2026,0.112030,0.194292,0.000000,0.199312,0.112030,0.194292,0.849862,0
q60,nimbus-retention,0.140178,0.143059,0.000000,0.147576,0.140178,0.143059,0.665513,0
q60,nimbus-vendor-risk,0.132187,0.141149,0.000000,0.145688,0.132187,0.141149,0.692892,0
q60,nimbus-hr-offboarding,0.118484,0.143707,0.000000,0.148216,0.118484,0.143707,0.676465,0
q61,nimbus-integrations,0.145025,3.808167,0.000000,3.920993,0.145025,3.808167,0.617145,0
q61,nimbus-overview-b,0.178599,2.198673,2.973011,2.246893,0.178599,2.198673,0.634484,0
q61,nimbus-overview-a,0.174644,1.937631,2.973011,1.979403,0.174644,1.937631,0.564213,0
q61,nimbus-overview-c,0.188736,1.888254,2.973011,1.935794,0.188736,1.888254,0.391728,0
q61,nimbus-assurance,0.162671,1.894108,0.000000,2.515649,0.194132,3.269755,0.727571,0
q61,acme-overview,0.120099,0.512816,4.288934,0.524865,0.120099,0.512816,0.544135,1
q61,nimbus-vendor-risk,0.164973,1.887905,0.000000,1.945447,0.164973,1.887905,0.692892,0
q61,nimbus-breach-history,0.153089,1.855682,0.000000,1.912794,0.153089,1.855682,0.759513,0
q61,granite-overview,0.133124,0.504706,2.394509,0.516970,0.133124,0.504706,0.526796,0
q61,nimbus-access-control,0.125758,0.253951,1.797724,0.260880,0.125758,0.253951,0.572426,0
q61,granite-dd,0.139113,0.658558,0.189671,0.670334,0.139113,0.658558,0.614407,0
q61,nimbus-retention,0.124770,0.715246,0.000000,0.725987,0.124770,0.715246,0.665513,0
q61,nimbus-dr,0.148939,0.697778,0.000000,0.708537,0.148939,0.697778,0.730309,0
q61,nimbus-subcontractors,0.122554,0.604629,0.189671,0.615807,0.122554,0.604629,0.630834,0
q61,nimbus-cert-soc2-2023,0.142752,0.681153,0.000000,0.692047,0.142752,0.681153,0.119768,0
q61,nimbus-hr-offboarding,0.163508,0.669072,0.000000,0.680615,0.163508,0.669072,0.676465,0
q61,nimbus-insurance-2023,0.082541,0.700610,0.000000,0.708149,0.082541,0.700610,0.000000,0
q61,nimbus-enc-in-transit,0.088526,0.552196,0.205428,0.564769,0.088526,0.552196,0.711144,0
q61,nimbus-sla,0.118777,0.629553,0.000000,0.641607,0.118777,0.629553,0.646348,0
q61,nimbus-insurance-2026,0.089205,0.626600,0.000000,0.637084,0.089205,0.626600,0.849862,0
q61,nimbus-backup,0.146907,0.592083,0.000000,0.603907,0.146907,0.592083,0.665513,0
q61,nimbus-overview-d,0.140676,0.570255,0.000000,0.582065,0.140676,0.570255,0.185477,0
q61,nimbus-infosec-policy,0.154919,0.402636,0.000000,0.505257,0.159896,0.529946,0.607106,0
q61,nimbus-ai-governance,0.071856,0.511595,0.000000,0.525029,0.071856,0.511595,0.789629,0
q61,nimbus-subprocessors,0.146885,0.441821,0.000000,0.455329,0.146885,0.441821,0.756775,0
q61,nimbus-cert-soc1,0.161329,0.389399,0.000000,0.394614,0.161329,0.389399,0.636310,0
q61,acme-rfi,0.031712,0.429918,0.000000,0.443576,0.031712,0.429918,0.626271,0
q61,nimbus-hr-onboarding,0.206151,0.343585,0.000000,0.349786,0.206151,0.343585,0.676465,0
q61,nimbus-partners,0.104624,0.347077,0.000000,0.353145,0.104624,0.347077,0.541397,0
q61,acme-sla,0.098807,0.341923,0.000000,0.346292,0.098807,0.341923,0.575164,0
q61,granite-sla,0.121464,0.300653,0.000000,0.305966,0.121464,0.300653,0.681028,0
q61,acme-iso27001,0.081729,0.306870,0.000000,0.311938,0.081729,0.306870,0.533184,0
q61,acme-dc-2022,0.080312,0.289881,0.000000,0.295861,0.080312,0.289881,0.000000,0
q61,nimbus-cert-soc2-2025,0.150866,0.227956,0.000000,0.235286,0.150866,0.227956,0.770464,0
q61,acme-dc-2025,0.099275,0.233144,0.000000,0.240414,0.099275,0.233144,0.706581,0
q61,acme-irap,0.092856,0.207363,0.000000,0.213617,0.092856,0.207363,0.740348,0
q61,nimbus-breach-policy,0.128627,0.188888,0.000000,0.195340,0.128627,0.188888,0.495767,0
q61,nimbus-model-training,0.109577,0.000000,0.176158,0.000000,0.109577,0.000000,0.789629,0
q61,nimbus-enc-at-rest,0.073800,0.000000,0.205428,0.000000,0.073800,0.000000,0.711144,0
q62,nimbus-backup,0.328075,9.099447,2.173977,9.306766,0.328075,9.099447,0.665513,1
q62,nimbus-dr,0.289383,7.585888,2.007223,7.720253,0.289383,7.585888,0.730309,1
q62,nimbus-integrations,0.164855,5.145029,0.013572,5.304949,0.164855,5.145029,0.617145,0
q62,acme-dc-2022,0.164470,2.897756,0.000000,2.955815,0.164470,2.897756,0.000000,0
q62,nimbus-assurance,0.219963,1.706902,0.012445,2.262010,0.227346,3.220091,0.727571,0
q62,nimbus-infosec-policy,0.187901,1.241701,0.000000,1.938785,0.201119,3.365561,0.607106,1
q62,nimbus-vendor-risk,0.167021,2.580724,0.000000,2.639271,0.167021,2.580724,0.692892,0
q62,nimbus-enc-at-rest,0.187581,2.288533,0.000000,2.360431,0.187581,2.288533,0.711144,0
q62,nimbus-retention,0.179546,2.268227,0.009962,2.339845,0.179546,2.268227,0.665513,0
q62,acme-sla,0.178605,2.166688,0.000000,2.222665,0.178605,2.166688,0.575164,0
q62,nimbus-hr-onboarding,0.155040,2.172080,0.011490,2.228755,0.155040,2.172080,0.676465,0
q62,granite-sla,0.157933,2.138615,0.000000,2.195277,0.157933,2.138615,0.681028,0
q62,nimbus-sla,0.205178,2.058480,0.000000,2.116724,0.205178,2.058480,0.646348,0
q62,nimbus-insurance-2026,0.147467,2.012944,0.000000,2.064604,0.147467,2.012944,0.849862,0
q62,nimbus-breach-policy,0.190390,1.928869,0.011490,1.988776,0.190390,1.928869,0.495767,0
q62,nimbus-model-training,0.181683,0.246030,0.000000,0.250204,0.181683,0.246030,0.789629,0
q62,nimbus-partners,0.181455,0.235516,0.012445,0.239543,0.181455,0.235516,0.541397,0
q62,nimbus-cert-soc2-2023,0.147280,0.256605,0.000000,0.260278,0.147280,0.256605,0.119768,0
q62,nimbus-breach-history,0.152215,0.250204,0.000000,0.254209,0.152215,0.250204,0.759513,0
q62,nimbus-ai-governance,0.132724,0.258505,0.000000,0.262525,0.132724,0.258505,0.789629,0
q62,nimbus-subprocessors,0.187783,0.221567,0.012445,0.226097,0.187783,0.221567,0.756775,0
q62,acme-rfi,0.104075,0.267244,0.000000,0.270850,0.104075,0.267244,0.626271,0
q62,nimbus-overview-d,0.148015,0.240055,0.000000,0.243916,0.148015,0.240055,0.185477,0
q62,nimbus-subcontractors,0.165641,0.228695,0.000000,0.232979,0.165641,0.228695,0.630834,0
q62,nimbus-cert-soc2-2025,0.164483,0.219624,0.000000,0.224223,0.164483,0.219624,0.770464,0
q62,nimbus-cert-soc1,0.142926,0.213461,0.000000,0.217274,0.142926,0.213461,0.636310,0
q62,granite-dd,0.177885,0.169308,0.000000,0.174010,0.177885,0.169308,0.614407,0
q62,nimbus-hr-offboarding,0.179770,0.160661,0.012445,0.165536,0.179770,0.160661,0.676465,0
q62,nimbus-access-control,0.139269,0.179079,0.012445,0.183609,0.139269,0.179079,0.572426,0
q62,acme-iso27001,0.135451,0.186829,0.000000,0.191174,0.135451,0.186829,0.533184,0
q62,nimbus-overview-a,0.173416,0.167146,0.000000,0.171853,0.173416,0.167146,0.564213,0
q62,nimbus-overview-b,0.164565,0.168593,0.000000,0.173306,0.164565,0.168593,0.634484,0
q62,granite-overview,0.108169,0.185976,0.000000,0.190337,0.108169,0.185976,0.526796,0
q62,acme-irap,0.137190,0.168998,0.000000,0.173721,0.137190,0.168998,0.740348,0
q62,nimbus-enc-in-transit,0.125374,0.173587,0.000000,0.178240,0.125374,0.173587,0.711144,0
q62,nimbus-overview-c,0.177642,0.021924,0.000000,0.022159,0.177642,0.021924,0.391728,0
q62,acme-dc-2025,0.136225,0.019515,0.011490,0.019832,0.136225,0.019515,0.706581,0
q62,nimbus-insurance-2023,0.149691,0.016376,0.000000,0.016650,0.149691,0.016376,0.000000,0
q62,acme-overview,0.105393,0.022519,0.000000,0.022722,0.105393,0.022519,0.544135,0
q63,nimbus-infosec-policy,0.199900,3.386372,0.000000,5.562436,0.239279,8.546497,0.607106,1
q63,nimbus-access-control,0.289430,5.917013,1.434721,6.027725,0.289430,5.917013,0.572426,1
q63,nimbus-breach-policy,0.129260,5.996166,0.011490,6.200480,0.129260,5.996166,0.495767,0
q63,nimbus-hr-onboarding,0.218307,5.869061,0.011490,5.981862,0.218307,5.869061,0.676465,0
q63,nimbus-hr-offboarding,0.205470,4.643305,0.012445,4.766647,0.205470,4.643305,0.676465,0
q63,nimbus-vendor-risk,0.132200,4.266273,0.000000,4.403069,0.132200,4.266273,0.692892,0
q63,nimbus-subcontractors,0.071358,3.702571,0.000000,3.775669,0.071358,3.702571,0.630834,0
q63,nimbus-cert-soc1,0.092778,3.515524,0.000000,3.578313,0.092778,3.515524,0.636310,0
q63,nimbus-backup,0.099228,3.181299,0.012445,3.270718,0.099228,3.181299,0.665513,0
q63,nimbus-retention,0.169906,2.787014,0.009962,2.866488,0.169906,2.787014,0.665513,0
q63,acme-dc-2025,0.096729,2.767637,0.011490,2.848117,0.096729,2.767637,0.706581,0
q63,nimbus-ai-governance,0.074635,2.447179,0.000000,2.531179,0.074635,2.447179,0.789629,0
q63,nimbus-breach-history,0.154725,1.975684,0.000000,2.017191,0.154725,1.975684,0.759513,0
q63,nimbus-subprocessors,0.134512,1.768167,0.012445,1.818779,0.134512,1.768167,0.756775,0
q63,nimbus-cert-soc2-2023,0.157267,1.531114,0.000000,1.573439,0.157267,1.531114,0.119768,0
q63,nimbus-enc-at-rest,0.126046,0.432761,0.000000,0.437970,0.126046,0.432761,0.711144,0
q63,nimbus-overview-a,0.122758,0.393163,0.000000,0.399431,0.122758,0.393163,0.564213,0
q63,nimbus-enc-in-transit,0.180492,0.356954,0.000000,0.363693,0.180492,0.356954,0.711144,0
q63,granite-overview,0.122674,0.375531,0.000000,0.381510,0.122674,0.375531,0.526796,0
q63,acme-overview,0.071757,0.383032,0.000000,0.388755,0.071757,0.383032,0.544135,0
q63,nimbus-assurance,0.162310,0.190036,0.012445,0.288142,0.180958,0.359595,0.727571,0
q63,nimbus-cert-soc2-2025,0.141025,0.340717,0.000000,0.348005,0.141025,0.340717,0.770464,0
q63,nimbus-model-training,0.125745,0.337271,0.000000,0.344661,0.125745,0.337271,0.789629,0
q63,granite-sla,0.160024,0.275999,0.000000,0.283170,0.160024,0.275999,0.681028,0
q63,acme-iso27001,0.118028,0.288052,0.000000,0.294936,0.118028,0.288052,0.533184,0
q63,acme-sla,0.137719,0.275518,0.000000,0.282636,0.137719,0.275518,0.575164,0
q63,nimbus-sla,0.142554,0.267954,0.000000,0.275290,0.142554,0.267954,0.646348,0
q63,acme-dc-2022,0.065870,0.305144,0.000000,0.311439,0.065870,0.305144,0.000000,0
q63,nimbus-overview-c,0.116036,0.278418,0.000000,0.285529,0.116036,0.278418,0.391728,0
q63,acme-irap,0.137531,0.259849,0.000000,0.267312,0.137531,0.259849,0.740348,0
q63,nimbus-dr,0.138694,0.247942,0.011490,0.255604,0.138694,0.247942,0.730309,0
q63,nimbus-integrations,0.115362,0.256033,0.013572,0.263519,0.115362,0.256033,0.617145,0
q63,nimbus-partners,0.056734,0.279697,0.012445,0.286788,0.056734,0.279697,0.541397,0
q63,granite-dd,0.106195,0.259738,0.000000,0.267185,0.106195,0.259738,0.614407,0
q63,nimbus-overview-b,0.105690,0.258605,0.000000,0.266070,0.105690,0.258605,0.634484,0
q63,nimbus-overview-d,0.098800,0.022194,0.000000,0.022415,0.098800,0.022194,0.185477,0
q63,acme-rfi,0.073712,0.020945,0.000000,0.021227,0.073712,0.020945,0.626271,0
q63,nimbus-insurance-2026,0.060104,0.022103,0.000000,0.022329,0.060104,0.022103,0.849862,0
q63,nimbus-insurance-2023,0.060300,0.016376,0.000000,0.016650,0.060300,0.016376,0.000000,0
q64,nimbus-enc-at-rest,0.166882,4.285371,0.445406,4.387227,0.166882,4.285371,0.711144,0
q64,nimbus-subcontractors,0.068318,3.434617,0.926918,3.500379,0.068318,3.434617,0.630834,0
q64,nimbus-cert-soc1,0.134869,3.515524,0.000000,3.578313,0.134869,3.515524,0.636310,0
q64,acme-dc-2025,0.093931,3.131521,0.581174,3.215559,0.093931,3.131521,0.706581,0
q64,nimbus-ai-governance,0.147854,2.999534,0.000000,3.093789,0.147854,2.999534,0.789629,0
q64,nimbus-model-training,0.156744,2.154753,1.242828,2.194452,0.156744,2.154753,0.789629,0
q64,acme-sla,0.113018,2.667123,0.000000,2.736029,0.113018,2.667123,0.575164,0
q64,acme-irap,0.158478,2.431093,0.000000,2.504414,0.158478,2.431093,0.740348,0
q64,nimbus-enc-in-transit,0.139782,1.897645,0.445406,1.938315,0.139782,1.897645,0.711144,0
q64,nimbus-hr-onboarding,0.122376,1.565035,0.000000,1.607367,0.122376,1.565035,0.676465,0
q64,nimbus-overview-b,0.080868,1.449480,0.000000,1.493795,0.080868,1.449480,0.634484,0
q64,acme-rfi,0.132264,1.410428,0.000000,1.455236,0.132264,1.410428,0.626271,0
q64,nimbus-overview-a,0.084604,1.423209,0.000000,1.467866,0.084604,1.423209,0.564213,0
q64,nimbus-infosec-policy,0.125808,1.469401,0.000000,0.819206,0.187561,1.469401,0.607106,1
q64,nimbus-overview-d,0.067105,1.123247,0.000000,1.151702,0.067105,1.123247,0.185477,0
q64,nimbus-partners,0.086551,1.100521,0.000000,1.129495,0.086551,1.100521,0.541397,0
q64,nimbus-integrations,0.131729,0.990317,0.000000,1.021195,0.131729,0.990317,0.617145,0
q64,nimbus-sla,0.104753,0.000000,1.962999,0.000000,0.104753,0.000000,0.646348,0
q64,acme-dc-2022,0.091762,0.704182,0.534158,0.713476,0.091762,0.704182,0.000000,0
q64,nimbus-breach-policy,0.106172,0.731169,0.411241,0.742110,0.106172,0.731169,0.495767,0
q64,nimbus-retention,0.094420,0.695087,0.000000,0.706596,0.094420,0.695087,0.665513,0
q64,nimbus-subprocessors,0.142592,0.614523,0.000000,0.627360,0.142592,0.614523,0.756775,0
q64,nimbus-vendor-risk,0.147108,0.599262,0.000000,0.612573,0.147108,0.599262,0.692892,0
q64,nimbus-breach-history,0.070153,0.612573,0.000000,0.625473,0.070153,0.612573,0.759513,0
q64,nimbus-overview-c,0.093201,0.483373,0.000000,0.496333,0.093201,0.483373,0.391728,0
q64,nimbus-dr,0.087038,0.435406,0.000000,0.449154,0.087038,0.435406,0.730309,0
q64,nimbus-assurance,0.133176,0.000000,0.000000,0.000000,0.154313,0.000000,0.727571,0
q64,nimbus-cert-soc2-2023,0.116126,0.000000,0.000000,0.000000,0.116126,0.000000,0.119768,0
q64,acme-iso27001,0.113704,0.000000,0.000000,0.000000,0.113704,0.000000,0.533184,0
q64,granite-sla,0.110708,0.000000,0.000000,0.000000,0.110708,0.000000,0.681028,0
q64,nimbus-hr-offboarding,0.110319,0.000000,0.000000,0.000000,0.110319,0.000000,0.676465,0
q64,nimbus-backup,0.110300,0.000000,0.000000,0.000000,0.110300,0.000000,0.665513,0
q64,nimbus-access-control,0.093801,0.000000,0.000000,0.000000,0.093801,0.000000,0.572426,0
q64,granite-dd,0.092795,0.000000,0.000000,0.000000,0.092795,0.000000,0.614407,0
q64,nimbus-cert-soc2-2025,0.086735,0.000000,0.000000,0.000000,0.086735,0.000000,0.770464,0
q64,granite-overview,0.065323,0.000000,0.000000,0.000000,0.065323,0.000000,0.526796,0
q64,nimbus-insurance-2023,0.037600,0.000000,0.000000,0.000000,0.037600,0.000000,0.000000,0
q64,nimbus-insurance-2026,0.032519,0.000000,0.000000,0.000000,0.032519,0.000000,0.849862,0
q64,acme-overview,0.020577,0.000000,0.000000,0.000000,0.020577,0.000000,0.544135,0
q65,nimbus-cert-soc1,0.153761,10.978336,0.000000,11.209853,0.153761,10.978336,0.636310,0
q65,nimbus-overview-d,0.114348,7.325216,0.000000,7.481247,0.114348,7.325216,0.185477,0
q65,nimbus-subcontractors,0.088690,7.258364,0.000000,7.425310,0.088690,7.258364,0.630834,0
q65,nimbus-breach-policy,0.201184,6.583023,0.000000,6.797336,0.201184,6.583023,0.495767,0
q65,nimbus-overview-a,0.083664,6.173460,0.000000,6.353848,0.083664,6.173460,0.564213,0
q65,nimbus-infosec-policy,0.154560,2.064319,2.122069,3.594835,0.174990,5.331579,0.607106,0
q65,nimbus-overview-c,0.092609,4.896045,0.000000,4.986748,0.092609,4.896045,0.391728,0
q65,acme-dc-2025,0.143182,4.070997,0.000000,4.174390,0.143182,4.070997,0.706581,0
q65,nimbus-backup,0.165362,3.802994,0.000000,3.908239,0.165362,3.802994,0.665513,0
q65,acme-dc-2022,0.120803,3.524031,0.000000,3.596728,0.120803,3.524031,0.000000,0
q65,acme-overview,0.059821,3.335276,0.000000,3.413637,0.059821,3.335276,0.544135,0
q65,acme-rfi,0.094190,3.240404,0.000000,3.335734,0.094190,3.240404,0.626271,0
q65,nimbus-hr-offboarding,0.263293,3.025104,0.000000,3.109248,0.263293,3.025104,0.676465,0
q65,acme-irap,0.148543,3.021754,0.000000,3.108415,0.148543,3.021754,0.740348,0
q65,nimbus-dr,0.117272,2.996479,0.000000,3.082566,0.117272,2.996479,0.730309,0
q65,nimbus-cert-soc2-2023,0.136710,2.834154,0.000000,2.907498,0.136710,2.834154,0.119768,0
q65,nimbus-vendor-risk,0.174485,2.534754,0.000000,2.613096,0.174485,2.534754,0.692892,0
q65,nimbus-assurance,0.154326,1.898624,0.000000,2.743752,0.190561,2.262833,0.727571,0
q65,nimbus-partners,0.134554,1.947194,0.000000,1.969993,0.134554,1.947194,0.541397,0
q65,nimbus-enc-in-transit,0.157409,1.609944,0.000000,1.639691,0.157409,1.609944,0.711144,0
q65,nimbus-model-training,0.249036,1.328107,0.287582,1.352833,0.249036,1.328107,0.789629,0
q65,nimbus-subprocessors,0.194119,1.484442,0.000000,1.517741,0.194119,1.484442,0.756775,0
q65,nimbus-overview-b,0.099030,1.484442,0.000000,1.517741,0.099030,1.484442,0.634484,0
q65,nimbus-enc-at-rest,0.160300,1.281880,0.335365,1.307825,0.160300,1.281880,0.711144,0
q65,nimbus-cert-soc2-2025,0.143112,1.317282,0.000000,1.352023,0.143112,1.317282,0.770464,0
q65,nimbus-breach-history,0.188484,1.263198,0.000000,1.297593,0.188484,1.263198,0.759513,0
q65,nimbus-retention,0.290655,0.892197,0.000000,0.906969,0.290655,0.892197,0.665513,1
q65,nimbus-sla,0.111889,0.933645,0.000000,0.957063,0.111889,0.933645,0.646348,0
q65,nimbus-access-control,0.172055,0.865584,0.000000,0.889201,0.172055,0.865584,0.572426,0
q65,nimbus-hr-onboarding,0.173382,0.705724,0.000000,0.721720,0.173382,0.705724,0.676465,0
q65,acme-iso27001,0.108546,0.640199,0.000000,0.656254,0.108546,0.640199,0.533184,0
q65,nimbus-ai-governance,0.129117,0.504285,0.000000,0.522356,0.129117,0.504285,0.789629,0
q65,granite-dd,0.156047,0.374226,0.000000,0.380111,0.156047,0.374226,0.614407,0
q65,acme-sla,0.145239,0.371391,0.000000,0.380986,0.145239,0.371391,0.575164,0
q65,nimbus-integrations,0.166471,0.323002,0.000000,0.329912,0.166471,0.323002,0.617145,0
q65,nimbus-insurance-2023,0.087234,0.311002,0.000000,0.316213,0.087234,0.311002,0.000000,0
q65,nimbus-insurance-2026,0.116681,0.261737,0.000000,0.268499,0.116681,0.261737,0.849862,0
q65,granite-overview,0.079368,0.270015,0.000000,0.276576,0.079368,0.270015,0.526796,0
q65,granite-sla,0.166711,0.000000,0.000000,0.000000,0.166711,0.000000,0.681028,0
q66,nimbus-retention,0.267158,3.779221,0.000000,3.898547,0.267158,3.779221,0.665513,1
q66,nimbus-integrations,0.110327,3.813624,0.000000,3.932529,0.110327,3.813624,0.617145,0
q66,nimbus-enc-at-rest,0.189458,3.712242,0.000000,3.832314,0.189458,3.712242,0.711144,0
q66,nimbus-breach-policy,0.220375,3.595430,0.000000,3.706571,0.220375,3.595430,0.495767,0
q66,nimbus-access-control,0.213142,2.646303,0.000000,2.713646,0.213142,2.646303,0.572426,1
q66,nimbus-cert-soc2-2023,0.193599,2.599785,0.000000,2.651756,0.193599,2.599785,0.119768,0
q66,nimbus-backup,0.253269,2.551848,0.000000,2.621168,0.253269,2.551848,0.665513,0
q66,acme-iso27001,0.146490,2.140258,0.000000,2.193931,0.146490,2.140258,0.533184,0
q66,nimbus-vendor-risk,0.178477,1.835457,0.000000,1.894475,0.178477,1.835457,0.692892,0
q66,nimbus-cert-soc2-2025,0.165956,1.835457,0.000000,1.894475,0.165956,1.835457,0.770464,0
q66,nimbus-assurance,0.192444,1.010409,0.000000,1.284153,0.200477,1.581998,0.727571,0
q66,nimbus-infosec-policy,0.182812,0.500896,0.000000,0.583229,0.199455,0.636057,0.607106,0
q66,nimbus-enc-in-transit,0.156608,0.600114,0.000000,0.608775,0.156608,0.600114,0.711144,0
q66,nimbus-insurance-2026,0.118164,0.617013,0.000000,0.624898,0.118164,0.617013,0.849862,0
q66,nimbus-hr-offboarding,0.162281,0.579899,0.000000,0.589421,0.162281,0.579899,0.676465,0
q66,granite-dd,0.127454,0.586960,0.000000,0.596190,0.127454,0.586960,0.614407,0
q66,nimbus-model-training,0.131098,0.574371,0.000000,0.584115,0.131098,0.574371,0.789629,0
q66,nimbus-cert-soc1,0.140521,0.540715,0.000000,0.550372,0.140521,0.540715,0.636310,0
q66,nimbus-overview-c,0.137067,0.540715,0.000000,0.550372,0.137067,0.540715,0.391728,0
q66,nimbus-subcontractors,0.084459,0.528270,0.000000,0.538385,0.084459,0.528270,0.630834,0
q66,acme-dc-2022,0.106038,0.454668,0.000000,0.464047,0.106038,0.454668,0.000000,0
q66,acme-sla,0.134256,0.410525,0.000000,0.421131,0.134256,0.410525,0.575164,0
q66,nimbus-dr,0.193179,0.362380,0.000000,0.373822,0.193179,0.362380,0.730309,0
q66,acme-irap,0.164459,0.374195,0.000000,0.385481,0.164459,0.374195,0.740348,0
q66,nimbus-subprocessors,0.168195,0.370741,0.000000,0.382076,0.168195,0.370741,0.756775,0
q66,nimbus-partners,0.067626,0.406372,0.000000,0.417071,0.067626,0.406372,0.541397,0
q66,nimbus-overview-a,0.130426,0.364022,0.000000,0.375444,0.130426,0.364022,0.564213,0
q66,nimbus-breach-history,0.162477,0.000000,0.000000,0.000000,0.162477,0.000000,0.759513,0
q66,nimbus-sla,0.161158,0.000000,0.000000,0.000000,0.161158,0.000000,0.646348,0
q66,granite-sla,0.140912,0.000000,0.000000,0.000000,0.140912,0.000000,0.681028,0
q66,nimbus-overview-d,0.140245,0.000000,0.000000,0.000000,0.140245,0.000000,0.185477,0
q66,nimbus-hr-onboarding,0.140063,0.000000,0.000000,0.000000,0.140063,0.000000,0.676465,0
q66,nimbus-overview-b,0.134967,0.000000,0.000000,0.000000,0.134967,0.000000,0.634484,0
q66,nimbus-insurance-2023,0.107294,0.000000,0.000000,0.000000,0.107294,0.000000,0.000000,0
q66,acme-dc-2025,0.096521,0.000000,0.000000,0.000000,0.096521,0.000000,0.706581,0
q66,granite-overview,0.091922,0.000000,0.000000,0.000000,0.091922,0.000000,0.526796,0
q66,nimbus-ai-governance,0.087535,0.000000,0.000000,0.000000,0.087535,0.000000,0.789629,0
q66,acme-overview,0.053723,0.000000,0.000000,0.000000,0.053723,0.000000,0.544135,0
q66,acme-rfi,0.053488,0.000000,0.000000,0.000000,0.053488,0.000000,0.626271,0
q67,nimbus-retention,0.137052,11.538805,0.000000,11.886987,0.137052,11.538805,0.665513,1
q67,nimbus-infosec-policy,0.177457,2.463125,0.000000,3.495023,0.189456,4.326148,0.607106,0
q67,nimbus-cert-soc1,0.221806,3.515524,0.000000,3.578313,0.221806,3.515524,0.636310,0
q67,nimbus-subcontractors,0.105765,3.434617,0.000000,3.500379,0.105765,3.434617,0.630834,0
q67,granite-sla,0.114501,2.931533,0.000000,3.009425,0.114501,2.931533,0.681028,0
q67,acme-dc-2025,0.097143,2.896589,0.000000,2.986901,0.097143,2.896589,0.706581,0
q67,nimbus-overview-b,0.150349,2.688026,0.000000,2.770207,0.150349,2.688026,0.634484,0
q67,acme-sla,0.096557,0.875853,0.000000,0.887045,0.096557,0.875853,0.575164,0
q67,nimbus-integrations,0.156409,0.825155,0.000000,0.838590,0.156409,0.825155,0.617145,0
q67,nimbus-access-control,0.176207,0.762415,0.000000,0.776317,0.176207,0.762415,0.572426,0
q67,nimbus-breach-history,0.186808,0.723709,0.000000,0.738950,0.186808,0.723709,0.759513,0
q67,nimbus-sla,0.116993,0.749882,0.000000,0.764240,0.116993,0.749882,0.646348,0
q67,acme-iso27001,0.177206,0.591814,0.000000,0.606656,0.177206,0.591814,0.533184,0
q67,nimbus-overview-d,0.140729,0.588759,0.000000,0.603674,0.140729,0.588759,0.185477,0
q67,nimbus-overview-c,0.151542,0.571069,0.000000,0.586380,0.151542,0.571069,0.391728,0
q67,granite-overview,0.085577,0.601173,0.000000,0.615781,0.085577,0.601173,0.526796,0
q67,nimbus-hr-onboarding,0.125539,0.568224,0.000000,0.583594,0.125539,0.568224,0.676465,0
q67,nimbus-enc-in-transit,0.134907,0.551730,0.000000,0.567416,0.134907,0.551730,0.711144,0
q67,nimbus-subprocessors,0.171031,0.526269,0.000000,0.542358,0.171031,0.526269,0.756775,0
q67,nimbus-dr,0.161223,0.514400,0.000000,0.530642,0.161223,0.514400,0.730309,0
q67,nimbus-cert-soc2-2025,0.174537,0.507532,0.000000,0.523851,0.174537,0.507532,0.770464,0
q67,acme-rfi,0.154814,0.512090,0.000000,0.528359,0.154814,0.512090,0.626271,0
q67,nimbus-hr-offboarding,0.131976,0.516731,0.000000,0.532944,0.131976,0.516731,0.676465,0
q67,nimbus-model-training,0.114407,0.507532,0.000000,0.523851,0.114407,0.507532,0.789629,0
q67,nimbus-ai-governance,0.200308,0.464153,0.000000,0.480786,0.200308,0.464153,0.789629,0
q67,nimbus-cert-soc2-2023,0.210563,0.000000,0.000000,0.000000,0.210563,0.000000,0.119768,0
q67,nimbus-vendor-risk,0.202040,0.000000,0.000000,0.000000,0.202040,0.000000,0.692892,0
q67,acme-irap,0.200047,0.000000,0.000000,0.000000,0.200047,0.000000,0.740348,0
q67,nimbus-assurance,0.174530,0.000000,0.000000,0.000000,0.178504,0.000000,0.727571,0
q67,nimbus-overview-a,0.170835,0.000000,0.000000,0.000000,0.170835,0.000000,0.564213,0
q67,nimbus-breach-policy,0.151903,0.000000,0.000000,0.000000,0.151903,0.000000,0.495767,0
q67,nimbus-insurance-2023,0.148260,0.000000,0.000000,0.000000,0.148260,0.000000,0.000000,0
q67,nimbus-insurance-2026,0.144104,0.000000,0.000000,0.000000,0.144104,0.000000,0.849862,0
q67,nimbus-enc-at-rest,0.121167,0.000000,0.000000,0.000000,0.121167,0.000000,0.711144,0
q67,nimbus-partners,0.114954,0.000000,0.000000,0.000000,0.114954,0.000000,0.541397,0
q67,nimbus-backup,0.111408,0.000000,0.000000,0.000000,0.111408,0.000000,0.665513,0
q67,granite-dd,0.107757,0.000000,0.000000,0.000000,0.107757,0.000000,0.614407,0
q67,acme-dc-2022,0.105517,0.000000,0.000000,0.000000,0.105517,0.000000,0.000000,0
q67,acme-overview,0.086171,0.000000,0.000000,0.000000,0.086171,0.000000,0.544135,0
q68,nimbus-access-control,0.278148,14.098540,3.385275,14.392363,0.278148,14.098540,0.572426,1
q68,nimbus-infosec-policy,0.228475,5.619821,0.000000,8.149440,0.290754,10.300698,0.607106,1
q68,nimbus-breach-history,0.204136,4.799221,0.000000,4.924510,0.204136,4.799221,0.759513,0
q68,nimbus-enc-at-rest,0.239703,4.268550,0.000000,4.380451,0.239703,4.268550,0.711144,0
q68,acme-irap,0.115748,4.073480,0.000000,4.187511,0.115748,4.073480,0.740348,0
q68,nimbus-hr-offboarding,0.184549,3.799968,0.000000,3.897015,0.184549,3.799968,0.676465,0
q68,nimbus-hr-onboarding,0.165818,3.815799,0.000000,3.871310,0.165818,3.815799,0.676465,0
q68,nimbus-backup,0.221634,3.703382,0.000000,3.766698,0.221634,3.703382,0.665513,0
q68,nimbus-ai-governance,0.178271,2.624164,0.000000,2.701703,0.178271,2.624164,0.789629,0
q68,nimbus-subprocessors,0.168681,2.611825,0.000000,2.686564,0.168681,2.611825,0.756775,0
q68,nimbus-cert-soc2-2023,0.160753,2.455511,0.000000,2.520367,0.160753,2.455511,0.119768,0
q68,nimbus-assurance,0.195529,2.015873,0.000000,2.760967,0.196439,2.177956,0.727571,0
q68,nimbus-vendor-risk,0.167628,2.378742,0.000000,2.455230,0.167628,2.378742,0.692892,0
q68,nimbus-retention,0.155889,1.952194,0.000000,2.005309,0.155889,1.952194,0.665513,0
q68,nimbus-sla,0.163140,1.892489,0.000000,1.946295,0.163140,1.892489,0.646348,0
q68,nimbus-dr,0.183495,1.820132,0.000000,1.875644,0.183495,1.820132,0.730309,0
q68,granite-dd,0.120074,1.512875,0.000000,1.538848,0.120074,1.512875,0.614407,0
q68,nimbus-overview-a,0.167602,1.414398,0.000000,1.444401,0.167602,1.414398,0.564213,0
q68,acme-iso27001,0.151608,1.174180,0.000000,1.203626,0.151608,1.174180,0.533184,0
q68,nimbus-subcontractors,0.156918,1.149759,0.000000,1.180512,0.156918,1.149759,0.630834,0
q68,nimbus-cert-soc2-2025,0.147760,1.152741,0.000000,1.184687,0.147760,1.152741,0.770464,0
q68,acme-overview,0.093440,1.128196,0.000000,1.151753,0.093440,1.128196,0.544135,0
q68,nimbus-breach-policy,0.090604,0.861596,0.000000,0.885564,0.090604,0.861596,0.495767,0
q68,nimbus-insurance-2026,0.100129,0.732378,0.000000,0.751299,0.100129,0.732378,0.849862,0
q68,nimbus-model-training,0.165508,0.544737,0.000000,0.555647,0.165508,0.544737,0.789629,0
q68,nimbus-enc-in-transit,0.190755,0.490248,0.000000,0.501060,0.190755,0.490248,0.711144,0
q68,acme-dc-2022,0.121744,0.521250,0.000000,0.530284,0.121744,0.521250,0.000000,0
q68,granite-overview,0.104039,0.523938,0.000000,0.533680,0.104039,0.523938,0.526796,0
q68,nimbus-partners,0.145887,0.473997,0.000000,0.484575,0.145887,0.473997,0.541397,0
q68,nimbus-integrations,0.208009,0.377506,0.000000,0.389276,0.208009,0.377506,0.617145,0
q68,granite-sla,0.123693,0.417403,0.000000,0.428494,0.123693,0.417403,0.681028,0
q68,acme-sla,0.100274,0.423802,0.000000,0.434751,0.100274,0.423802,0.575164,0
q68,nimbus-overview-b,0.161827,0.382732,0.000000,0.394433,0.161827,0.382732,0.634484,0
q68,acme-dc-2025,0.133719,0.370616,0.000000,0.376650,0.133719,0.370616,0.706581,0
q68,nimbus-overview-c,0.169989,0.256494,0.000000,0.263371,0.169989,0.256494,0.391728,0
q68,acme-rfi,0.147746,0.246300,0.000000,0.249623,0.147746,0.246300,0.626271,0
q68,nimbus-cert-soc1,0.192299,0.213461,0.000000,0.217274,0.192299,0.213461,0.636310,0
q68,nimbus-overview-d,0.157560,0.217860,0.000000,0.221501,0.157560,0.217860,0.185477,0
q68,nimbus-insurance-2023,0.090045,0.000000,0.000000,0.000000,0.090045,0.000000,0.000000,0
q69,acme-rfi,0.186860,5.612785,0.000000,5.754351,0.186860,5.612785,0.626271,0
q69,nimbus-infosec-policy,0.252995,3.018324,0.610608,4.014511,0.286502,5.995777,0.607106,1
q69,nimbus-overview-b,0.198261,4.363129,0.000000,4.485733,0.198261,4.363129,0.634484,0
q69,nimbus-vendor-risk,0.250025,3.933572,0.000000,4.041045,0.250025,3.933572,0.692892,0
q69,nimbus-access-control,0.241754,2.859623,0.000000,2.932786,0.241754,2.859623,0.572426,0
q69,granite-overview,0.138420,2.716825,0.000000,2.779756,0.138420,2.716825,0.526796,0
q69,nimbus-assurance,0.252897,0.986085,0.661335,1.265378,0.282461,1.394915,0.727571,0
q69,acme-irap,0.203616,1.575366,0.000000,1.607519,0.203616,1.575366,0.740348,0
q69,nimbus-breach-policy,0.265467,1.479828,0.000000,1.512572,0.265467,1.479828,0.495767,1
q69,nimbus-overview-c,0.192332,1.505352,0.000000,1.532238,0.192332,1.505352,0.391728,0
q69,nimbus-overview-a,0.187743,1.408695,0.000000,1.444050,0.187743,1.408695,0.564213,0
q69,nimbus-cert-soc2-2023,0.211412,1.365193,0.000000,1.398162,0.211412,1.365193,0.119768,0
q69,nimbus-cert-soc1,0.247570,1.258423,0.000000,1.287322,0.247570,1.258423,0.636310,0
q69,nimbus-hr-onboarding,0.226456,0.954636,0.610608,0.977209,0.226456,0.954636,0.676465,0
q69,nimbus-cert-soc2-2025,0.199498,1.262667,0.000000,1.297327,0.199498,1.262667,0.770464,0
q69,nimbus-breach-history,0.216092,0.859635,0.721255,0.884136,0.216092,0.859635,0.759513,0
q69,nimbus-retention,0.186928,1.207614,0.000000,1.243786,0.186928,1.207614,0.665513,0
q69,nimbus-overview-d,0.199940,1.106419,0.000000,1.120214,0.199940,1.106419,0.185477,0
q69,nimbus-ai-governance,0.176565,0.832858,0.000000,0.857144,0.176565,0.832858,0.789629,0
q69,nimbus-insurance-2026,0.145713,0.833387,0.000000,0.844972,0.145713,0.833387,0.849862,0
q69,granite-dd,0.173211,0.818678,0.000000,0.831552,0.173211,0.818678,0.614407,0
q69,nimbus-enc-in-transit,0.170432,0.808662,0.000000,0.821317,0.170432,0.808662,0.711144,0
q69,nimbus-model-training,0.145136,0.819718,0.000000,0.832829,0.145136,0.819718,0.789629,0
q69,nimbus-hr-offboarding,0.190107,0.779271,0.000000,0.793091,0.190107,0.779271,0.676465,0
q69,nimbus-backup,0.208034,0.729623,0.000000,0.743983,0.208034,0.729623,0.665513,0
q69,nimbus-subcontractors,0.182822,0.736819,0.000000,0.750927,0.182822,0.736819,0.630834,0
q69,acme-iso27001,0.195994,0.678448,0.000000,0.691470,0.195994,0.678448,0.533184,0
q69,acme-sla,0.146843,0.670449,0.000000,0.683707,0.146843,0.670449,0.575164,0
q69,nimbus-dr,0.210098,0.609159,0.000000,0.623901,0.210098,0.609159,0.730309,0
q69,nimbus-subprocessors,0.218157,0.601896,0.000000,0.616898,0.218157,0.601896,0.756775,0
q69,nimbus-integrations,0.170598,0.595161,0.000000,0.610299,0.170598,0.595161,0.617145,0
q69,nimbus-partners,0.141475,0.566798,0.000000,0.581720,0.141475,0.566798,0.541397,0
q69,nimbus-enc-at-rest,0.210139,0.496481,0.000000,0.512540,0.210139,0.496481,0.711144,0
q69,acme-dc-2022,0.141645,0.454668,0.000000,0.464047,0.141645,0.454668,0.000000,0
q69,nimbus-sla,0.190954,0.236911,0.000000,0.240330,0.190954,0.236911,0.646348,0
q69,granite-sla,0.174684,0.241726,0.000000,0.244926,0.174684,0.241726,0.681028,0
q69,acme-dc-2025,0.156661,0.200001,0.000000,0.204279,0.156661,0.200001,0.706581,0
q69,nimbus-insurance-2023,0.149283,0.192570,0.000000,0.195797,0.149283,0.192570,0.000000,0
q69,acme-overview,0.090415,0.169878,0.000000,0.173869,0.090415,0.169878,0.544135,0
q70,nimbus-subcontractors,0.149454,8.344567,0.926918,8.510224,0.149454,8.344567,0.630834,0
q70,nimbus-cert-soc1,0.181578,8.743904,0.000000,8.896690,0.181578,8.743904,0.636310,0
q70,acme-dc-2025,0.222346,6.421159,0.592664,6.594177,0.222346,6.421159,0.706581,0
q70,nimbus-subprocessors,0.292947,5.515756,0.012445,5.662340,0.292947,5.515756,0.756775,1
q70,nimbus-integrations,0.230208,5.057035,0.683437,5.205997,0.230208,5.057035,0.617145,0
q70,nimbus-retention,0.193351,4.432535,0.009962,4.525352,0.193351,4.432535,0.665513,0
q70,nimbus-enc-in-transit,0.181562,3.483299,0.445406,3.555870,0.181562,3.483299,0.711144,0
q70,nimbus-model-training,0.262870,2.939902,1.242828,2.996939,0.262870,2.939902,0.789629,1
q70,nimbus-access-control,0.119363,3.580830,0.012445,3.678176,0.119363,3.580830,0.572426,0
q70,nimbus-enc-at-rest,0.202164,3.022439,0.445406,3.101923,0.202164,3.022439,0.711144,0
q70,nimbus-overview-a,0.178349,3.173889,0.000000,3.251404,0.178349,3.173889,0.564213,0
q70,nimbus-overview-b,0.157178,3.104508,0.000000,3.183171,0.157178,3.104508,0.634484,0
q70,nimbus-partners,0.115785,2.801344,0.012445,2.858843,0.115785,2.801344,0.541397,0
q70,acme-rfi,0.189886,2.202024,0.000000,2.263982,0.189886,2.202024,0.626271,0
q70,nimbus-overview-c,0.150572,2.002167,0.000000,2.048062,0.150572,2.002167,0.391728,0
q70,acme-irap,0.219634,1.665476,0.000000,1.715332,0.219634,1.665476,0.740348,0
q70,nimbus-hr-onboarding,0.117194,1.583126,0.011490,1.625785,0.117194,1.583126,0.676465,0
q70,nimbus-sla,0.150034,1.492271,0.000000,1.526290,0.150034,1.492271,0.646348,0
q70,nimbus-breach-policy,0.153078,1.276955,0.422732,1.306020,0.153078,1.276955,0.495767,0
q70,nimbus-ai-governance,0.274347,1.290783,0.000000,1.323226,0.274347,1.290783,0.789629,0
q70,nimbus-assurance,0.212126,0.930551,0.012445,1.216778,0.256242,1.345225,0.727571,0
q70,nimbus-dr,0.148490,1.286457,0.011490,1.318692,0.148490,1.286457,0.730309,0
q70,nimbus-backup,0.233751,1.235944,0.012445,1.271903,0.233751,1.235944,0.665513,0
q70,nimbus-vendor-risk,0.194831,1.212534,0.000000,1.245179,0.194831,1.212534,0.692892,0
q70,nimbus-breach-history,0.187467,1.198862,0.000000,1.229517,0.187467,1.198862,0.759513,0
q70,acme-sla,0.208763,1.187230,0.000000,1.217902,0.208763,1.187230,0.575164,0
q70,nimbus-infosec-policy,0.172494,0.511801,0.000000,0.842139,0.197018,1.490754,0.607106,0
q70,nimbus-overview-d,0.128954,1.145441,0.000000,1.174117,0.128954,1.145441,0.185477,0
q70,granite-sla,0.154390,0.688139,0.736604,0.706261,0.154390,0.688139,0.681028,0
q70,acme-dc-2022,0.207768,0.719446,0.534158,0.729055,0.207768,0.719446,0.000000,0
q70,nimbus-hr-offboarding,0.137774,0.792450,0.012445,0.809534,0.137774,0.792450,0.676465,0
q70,nimbus-cert-soc2-2025,0.142246,0.788595,0.000000,0.805831,0.142246,0.788595,0.770464,0
q70,granite-overview,0.144709,0.720493,0.000000,0.737843,0.144709,0.720493,0.526796,0
q70,acme-iso27001,0.191658,0.662439,0.000000,0.678713,0.191658,0.662439,0.533184,0
q70,acme-overview,0.156426,0.022519,0.000000,0.022722,0.156426,0.022519,0.544135,0
q70,nimbus-cert-soc2-2023,0.164500,0.017911,0.000000,0.018244,0.164500,0.017911,0.119768,0
q70,granite-dd,0.109387,0.022270,0.000000,0.022506,0.109387,0.022270,0.614407,0
q70,nimbus-insurance-2026,0.103258,0.022103,0.000000,0.022329,0.103258,0.022103,0.849862,0
q70,nimbus-insurance-2023,0.099088,0.016376,0.000000,0.016650,0.099088,0.016376,0.000000,0
q71,nimbus-subcontractors,0.173302,5.171068,0.000000,5.286200,0.173302,5.171068,0.630834,0
q71,nimbus-infosec-policy,0.141993,3.717406,0.000000,3.641823,0.153463,5.378889,0.607106,0
q71,nimbus-cert-soc1,0.123344,3.515524,0.000000,3.578313,0.123344,3.515524,0.636310,0
q71,nimbus-breach-history,0.123165,2.966028,0.000000,3.057313,0.123165,2.966028,0.759513,0
q71,nimbus-hr-offboarding,0.197501,2.925711,0.000000,3.017512,0.197501,2.925711,0.676465,0
q71,nimbus-model-training,0.155802,2.566055,0.000000,2.609587,0.155802,2.566055,0.789629,0
q71,nimbus-vendor-risk,0.120316,2.566055,0.000000,2.609587,0.120316,2.566055,0.692892,0
q71,acme-dc-2025,0.202565,2.377506,0.000000,2.451634,0.202565,2.377506,0.706581,0
q71,nimbus-ai-governance,0.157406,1.671401,0.000000,1.713853,0.157406,1.671401,0.789629,0
q71,acme-dc-2022,0.189174,1.622979,0.000000,1.656460,0.189174,1.622979,0.000000,0
q71,acme-rfi,0.192395,1.611694,0.000000,1.662897,0.192395,1.611694,0.626271,0
q71,acme-overview,0.181500,1.536049,0.000000,1.572138,0.181500,1.536049,0.544135,0
q71,acme-irap,0.177075,1.335724,0.000000,1.376010,0.177075,1.335724,0.740348,0
q71,nimbus-overview-a,0.158852,1.299411,0.000000,1.340183,0.158852,1.299411,0.564213,0
q71,nimbus-enc-at-rest,0.181133,1.270624,0.000000,1.311722,0.181133,1.270624,0.711144,0
q71,nimbus-cert-soc2-2025,0.150328,1.276279,0.000000,1.317317,0.150328,1.276279,0.770464,0
q71,nimbus-assurance,0.168508,1.067285,0.000000,0.748798,0.171876,1.067285,0.727571,0
q71,acme-iso27001,0.188261,0.000000,0.000000,0.000000,0.188261,0.000000,0.533184,0
q71,nimbus-subprocessors,0.186067,0.000000,0.000000,0.000000,0.186067,0.000000,0.756775,0
q71,nimbus-dr,0.184028,0.000000,0.000000,0.000000,0.184028,0.000000,0.730309,0
q71,nimbus-access-control,0.181523,0.000000,0.000000,0.000000,0.181523,0.000000,0.572426,0
q71,nimbus-hr-onboarding,0.180566,0.000000,0.000000,0.000000,0.180566,0.000000,0.676465,0
q71,nimbus-overview-c,0.169536,0.000000,0.000000,0.000000,0.169536,0.000000,0.391728,0
q71,nimbus-partners,0.157078,0.000000,0.000000,0.000000,0.157078,0.000000,0.541397,0
q71,nimbus-sla,0.157026,0.000000,0.000000,0.000000,0.157026,0.000000,0.646348,0
q71,acme-sla,0.156933,0.000000,0.000000,0.000000,0.156933,0.000000,0.575164,0
q71,nimbus-overview-b,0.152758,0.000000,0.000000,0.000000,0.152758,0.000000,0.634484,0
q71,nimbus-integrations,0.152454,0.000000,0.000000,0.000000,0.152454,0.000000,0.617145,0
q71,nimbus-enc-in-transit,0.148559,0.000000,0.000000,0.000000,0.148559,0.000000,0.711144,0
q71,nimbus-backup,0.139167,0.000000,0.000000,0.000000,0.139167,0.000000,0.665513,0
q71,granite-sla,0.138103,0.000000,0.000000,0.000000,0.138103,0.000000,0.681028,0
q71,nimbus-overview-d,0.128395,0.000000,0.000000,0.000000,0.128395,0.000000,0.185477,0
q71,nimbus-insurance-2026,0.127594,0.000000,0.000000,0.000000,0.127594,0.000000,0.849862,0
q71,nimbus-cert-soc2-2023,0.124381,0.000000,0.000000,0.000000,0.124381,0.000000,0.119768,0
q71,nimbus-breach-policy,0.119114,0.000000,0.000000,0.000000,0.119114,0.000000,0.495767,0
q71,nimbus-retention,0.098189,0.000000,0.000000,0.000000,0.098189,0.000000,0.665513,0
q71,granite-overview,0.095657,0.000000,0.000000,0.000000,0.095657,0.000000,0.526796,0
q71,nimbus-insurance-2023,0.095223,0.000000,0.000000,0.000000,0.095223,0.000000,0.000000,0
q71,granite-dd,0.082358,0.000000,0.000000,0.000000,0.082358,0.000000,0.614407,0
q72,nimbus-insurance-2026,0.145385,0.617013,0.000000,0.624898,0.145385,0.617013,0.849862,0
q72,nimbus-infosec-policy,0.134009,0.500896,0.000000,0.583229,0.162314,0.636057,0.607106,0
q72,nimbus-breach-policy,0.109713,0.608538,0.000000,0.617644,0.109713,0.608538,0.495767,0
q72,nimbus-enc-in-transit,0.099749,0.600114,0.000000,0.608775,0.099749,0.600114,0.711144,0
q72,nimbus-hr-offboarding,0.137419,0.579899,0.000000,0.589421,0.137419,0.579899,0.676465,0
q72,granite-dd,0.110686,0.586960,0.000000,0.596190,0.110686,0.586960,0.614407,0
q72,nimbus-model-training,0.101696,0.574371,0.000000,0.584115,0.101696,0.574371,0.789629,0
q72,nimbus-access-control,0.172359,0.537100,0.000000,0.546893,0.172359,0.537100,0.572426,0
q72,nimbus-overview-c,0.152527,0.540715,0.000000,0.550372,0.152527,0.540715,0.391728,0
q72,nimbus-cert-soc1,0.137919,0.540715,0.000000,0.550372,0.137919,0.540715,0.636310,0
q72,nimbus-subcontractors,0.129801,0.528270,0.000000,0.538385,0.129801,0.528270,0.630834,0
q72,nimbus-backup,0.066701,0.523111,0.000000,0.533406,0.066701,0.523111,0.665513,0
q72,acme-dc-2022,0.115537,0.454668,0.000000,0.464047,0.115537,0.454668,0.000000,0
q72,nimbus-assurance,0.133249,0.373495,0.000000,0.417053,0.135712,0.438821,0.727571,0
q72,nimbus-cert-soc2-2023,0.191828,0.394402,0.000000,0.405347,0.191828,0.394402,0.119768,0
q72,acme-sla,0.141453,0.410525,0.000000,0.421131,0.141453,0.410525,0.575164,0
q72,nimbus-partners,0.148767,0.406372,0.000000,0.417071,0.148767,0.406372,0.541397,0
q72,nimbus-subprocessors,0.211347,0.370741,0.000000,0.382076,0.211347,0.370741,0.756775,0
q72,acme-iso27001,0.109053,0.416916,0.000000,0.427371,0.109053,0.416916,0.533184,0
q72,nimbus-integrations,0.180669,0.365679,0.000000,0.377080,0.180669,0.365679,0.617145,0
q72,acme-irap,0.159879,0.374195,0.000000,0.385481,0.159879,0.374195,0.740348,0
q72,nimbus-overview-a,0.174310,0.364022,0.000000,0.375444,0.174310,0.364022,0.564213,0
q72,nimbus-dr,0.157608,0.362380,0.000000,0.373822,0.157608,0.362380,0.730309,0
q72,nimbus-cert-soc2-2025,0.158023,0.357542,0.000000,0.369038,0.158023,0.357542,0.770464,0
q72,nimbus-vendor-risk,0.154791,0.357542,0.000000,0.369038,0.154791,0.357542,0.692892,0
q72,nimbus-retention,0.065949,0.362380,0.000000,0.373822,0.065949,0.362380,0.665513,0
q72,nimbus-enc-at-rest,0.057081,0.355957,0.000000,0.367471,0.057081,0.355957,0.711144,0
q72,acme-rfi,0.154788,0.000000,0.000000,0.000000,0.154788,0.000000,0.626271,0
q72,nimbus-overview-b,0.152119,0.000000,0.000000,0.000000,0.152119,0.000000,0.634484,0
q72,granite-sla,0.150328,0.000000,0.000000,0.000000,0.150328,0.000000,0.681028,0
q72,nimbus-breach-history,0.145187,0.000000,0.000000,0.000000,0.145187,0.000000,0.759513,0
q72,nimbus-insurance-2023,0.137924,0.000000,0.000000,0.000000,0.137924,0.000000,0.000000,0
q72,nimbus-sla,0.134337,0.000000,0.000000,0.000000,0.134337,0.000000,0.646348,0
q72,nimbus-overview-d,0.118748,0.000000,0.000000,0.000000,0.118748,0.000000,0.185477,0
q72,nimbus-ai-governance,0.116368,0.000000,0.000000,0.000000,0.116368,0.000000,0.789629,0
q72,acme-dc-2025,0.115215,0.000000,0.000000,0.000000,0.115215,0.000000,0.706581,0
q72,nimbus-hr-onboarding,0.099702,0.000000,0.000000,0.000000,0.099702,0.000000,0.676465,0
q72,granite-overview,0.094021,0.000000,0.000000,0.000000,0.094021,0.000000,0.526796,0
q72,acme-overview,0.067978,0.000000,0.000000,0.000000,0.067978,0.000000,0.544135,0
q73,nimbus-ai-governance,0.047323,4.204216,0.000000,4.274357,0.047323,4.204216,0.789629,0
q73,nimbus-model-training,0.106524,2.661873,2.066768,2.744009,0.106524,2.661873,0.789629,0
q73,nimbus-integrations,0.103984,3.460452,0.013572,3.567849,0.103984,3.460452,0.617145,0
q73,nimbus-infosec-policy,0.082010,2.045823,0.000000,2.395434,0.104335,2.547645,0.607106,0
q73,acme-iso27001,0.071189,2.309887,0.000000,2.367475,0.071189,2.309887,0.533184,0
q73,nimbus-partners,0.044601,2.250398,0.012445,2.309373,0.044601,2.250398,0.541397,0
q73,nimbus-enc-at-rest,0.101433,2.158978,0.000000,2.220021,0.101433,2.158978,0.711144,0
q73,nimbus-vendor-risk,0.068282,1.982720,0.000000,2.046089,0.068282,1.982720,0.692892,0
q73,nimbus-assurance,0.118365,0.937268,0.012445,1.305428,0.143406,1.854059,0.727571,0
q73,nimbus-retention,0.072809,0.430956,0.009962,0.436040,0.072809,0.430956,0.665513,0
q73,nimbus-hr-onboarding,0.049009,0.406506,0.011490,0.412093,0.049009,0.406506,0.676465,0
q73,acme-dc-2025,0.076763,0.390130,0.011490,0.396483,0.076763,0.390130,0.706581,0
q73,granite-overview,0.099801,0.375531,0.000000,0.381510,0.099801,0.375531,0.526796,0
q73,nimbus-overview-a,0.064206,0.393163,0.000000,0.399431,0.064206,0.393163,0.564213,0
q73,acme-overview,0.083793,0.383032,0.000000,0.388755,0.083793,0.383032,0.544135,0
q73,nimbus-backup,0.117121,0.346379,0.012445,0.353318,0.117121,0.346379,0.665513,0
q73,nimbus-enc-in-transit,0.087563,0.356954,0.000000,0.363693,0.087563,0.356954,0.711144,0
q73,nimbus-access-control,0.052240,0.364272,0.012445,0.370755,0.052240,0.364272,0.572426,0
q73,nimbus-subprocessors,0.078301,0.345743,0.012445,0.352867,0.078301,0.345743,0.756775,0
q73,nimbus-cert-soc2-2025,0.075037,0.340717,0.000000,0.348005,0.075037,0.340717,0.770464,0
q73,nimbus-hr-offboarding,0.062891,0.338941,0.012445,0.346248,0.062891,0.338941,0.676465,0
q73,granite-sla,0.139492,0.275999,0.000000,0.283170,0.139492,0.275999,0.681028,0
q73,acme-dc-2022,0.079438,0.305144,0.000000,0.311439,0.079438,0.305144,0.000000,0
q73,acme-sla,0.133188,0.275518,0.000000,0.282636,0.133188,0.275518,0.575164,0
q73,nimbus-sla,0.133238,0.267954,0.000000,0.275290,0.133238,0.267954,0.646348,0
q73,acme-irap,0.088770,0.259849,0.000000,0.267312,0.088770,0.259849,0.740348,0
q73,nimbus-overview-c,0.047196,0.278418,0.000000,0.285529,0.047196,0.278418,0.391728,0
q73,nimbus-overview-b,0.063661,0.258605,0.000000,0.266070,0.063661,0.258605,0.634484,0
q73,nimbus-dr,0.071885,0.247942,0.011490,0.255604,0.071885,0.247942,0.730309,0
q73,granite-dd,0.058350,0.259738,0.000000,0.267185,0.058350,0.259738,0.614407,0
q73,nimbus-subcontractors,0.031676,0.267954,0.000000,0.275290,0.031676,0.267954,0.630834,0
q73,nimbus-insurance-2026,0.118897,0.022103,0.000000,0.022329,0.118897,0.022103,0.849862,0
q73,acme-rfi,0.085190,0.020945,0.000000,0.021227,0.085190,0.020945,0.626271,0
q73,nimbus-insurance-2023,0.091450,0.016376,0.000000,0.016650,0.091450,0.016376,0.000000,0
q73,nimbus-breach-policy,0.024766,0.022382,0.011490,0.022626,0.024766,0.022382,0.495767,0
q73,nimbus-breach-history,0.036337,0.019609,0.000000,0.019923,0.036337,0.019609,0.759513,0
q73,nimbus-overview-d,0.021352,0.022194,0.000000,0.022415,0.021352,0.022194,0.185477,0
q73,nimbus-cert-soc2-2023,0.029026,0.017911,0.000000,0.018244,0.029026,0.017911,0.119768,0
q73,nimbus-cert-soc1,0.027230,0.000000,0.000000,0.000000,0.027230,0.000000,0.636310,0
q74,nimbus-cert-soc1,0.184638,5.645851,0.000000,5.765756,0.184638,5.645851,0.636310,0
q74,acme-rfi,0.076100,5.338864,0.000000,5.508476,0.076100,5.338864,0.626271,0
q74,nimbus-subcontractors,0.174957,3.434617,0.000000,3.500379,0.174957,3.434617,0.630834,0
q74,nimbus-model-training,0.184218,2.645672,0.000000,2.730742,0.184218,2.645672,0.789629,0
q74,acme-dc-2025,0.128531,2.377506,0.000000,2.451634,0.128531,2.377506,0.706581,0
q74,nimbus-partners,0.128530,2.151879,0.000000,2.208533,0.128530,2.151879,0.541397,0
q74,granite-dd,0.178571,1.972305,0.000000,2.032198,0.178571,1.972305,0.614407,0
q74,nimbus-integrations,0.181865,1.936395,0.000000,1.996770,0.181865,1.936395,0.617145,0
q74,nimbus-assurance,0.179639,2.212437,0.000000,1.552227,0.180380,2.212437,0.727571,0
q74,nimbus-infosec-policy,0.158977,1.690209,0.000000,0.924721,0.209633,1.690209,0.607106,0
q74,nimbus-cert-soc2-2025,0.176345,0.000000,0.000000,0.000000,0.176345,0.000000,0.770464,0
q74,nimbus-overview-c,0.175920,0.000000,0.000000,0.000000,0.175920,0.000000,0.391728,0
q74,nimbus-subprocessors,0.174867,0.000000,0.000000,0.000000,0.174867,0.000000,0.756775,0
q74,nimbus-overview-b,0.172003,0.000000,0.000000,0.000000,0.172003,0.000000,0.634484,0
q74,nimbus-overview-a,0.162155,0.000000,0.000000,0.000000,0.162155,0.000000,0.564213,0
q74,nimbus-cert-soc2-2023,0.159044,0.000000,0.000000,0.000000,0.159044,0.000000,0.119768,0
q74,nimbus-enc-in-transit,0.153343,0.000000,0.000000,0.000000,0.153343,0.000000,0.711144,0
q74,nimbus-overview-d,0.148456,0.000000,0.000000,0.000000,0.148456,0.000000,0.185477,0
q74,nimbus-enc-at-rest,0.147041,0.000000,0.000000,0.000000,0.147041,0.000000,0.711144,0
q74,nimbus-hr-offboarding,0.142853,0.000000,0.000000,0.000000,0.142853,0.000000,0.676465,0
q74,nimbus-retention,0.142582,0.000000,0.000000,0.000000,0.142582,0.000000,0.665513,0
q74,nimbus-backup,0.141796,0.000000,0.000000,0.000000,0.141796,0.000000,0.665513,0
q74,nimbus-hr-onboarding,0.136292,0.000000,0.000000,0.000000,0.136292,0.000000,0.676465,0
q74,acme-irap,0.134859,0.000000,0.000000,0.000000,0.134859,0.000000,0.740348,0
q74,nimbus-vendor-risk,0.134207,0.000000,0.000000,0.000000,0.134207,0.000000,0.692892,0
q74,granite-sla,0.129495,0.000000,0.000000,0.000000,0.129495,0.000000,0.681028,0
q74,granite-overview,0.125476,0.000000,0.000000,0.000000,0.125476,0.000000,0.526796,0
q74,nimbus-dr,0.118095,0.000000,0.000000,0.000000,0.118095,0.000000,0.730309,0
q74,nimbus-access-control,0.118027,0.000000,0.000000,0.000000,0.118027,0.000000,0.572426,0
q74,nimbus-breach-history,0.117449,0.000000,0.000000,0.000000,0.117449,0.000000,0.759513,0
q74,acme-iso27001,0.115487,0.000000,0.000000,0.000000,0.115487,0.000000,0.533184,0
q74,acme-dc-2022,0.113552,0.000000,0.000000,0.000000,0.113552,0.000000,0.000000,0
q74,nimbus-sla,0.112130,0.000000,0.000000,0.000000,0.112130,0.000000,0.646348,0
q74,acme-overview,0.110259,0.000000,0.000000,0.000000,0.110259,0.000000,0.544135,0
q74,nimbus-insurance-2026,0.109927,0.000000,0.000000,0.000000,0.109927,0.000000,0.849862,0
q74,nimbus-breach-policy,0.109570,0.000000,0.000000,0.000000,0.109570,0.000000,0.495767,0
q74,nimbus-insurance-2023,0.107112,0.000000,0.000000,0.000000,0.107112,0.000000,0.000000,0
q74,acme-sla,0.096806,0.000000,0.000000,0.000000,0.096806,0.000000,0.575164,0
q74,nimbus-ai-governance,0.090394,0.000000,0.000000,0.000000,0.090394,0.000000,0.789629,0
q75,nimbus-integrations,0.183707,3.592986,0.013572,3.704515,0.183707,3.592986,0.617145,0
q75,nimbus-subprocessors,0.187446,2.800819,0.012445,2.886159,0.187446,2.800819,0.756775,0
q75,acme-sla,0.168813,0.424306,2.890425,0.435268,0.168813,0.424306,0.575164,0
q75,nimbus-sla,0.154254,0.020146,2.410170,0.020437,0.154254,0.020146,0.646348,0
q75,nimbus-infosec-policy,0.138463,0.522896,0.000000,0.606162,0.150265,0.657410,0.607106,0
q75,nimbus-breach-policy,0.119602,0.630920,0.011490,0.640270,0.119602,0.630920,0.495767,0
q75,nimbus-enc-in-transit,0.114060,0.620260,0.000000,0.629213,0.114060,0.620260,0.711144,0
q75,nimbus-hr-offboarding,0.145857,0.596853,0.012445,0.606741,0.145857,0.596853,0.676465,0
q75,nimbus-insurance-2026,0.074964,0.639117,0.000000,0.647227,0.074964,0.639117,0.849862,0
q75,granite-dd,0.125269,0.609230,0.000000,0.618697,0.125269,0.609230,0.614407,0
q75,nimbus-model-training,0.140407,0.593653,0.000000,0.603725,0.140407,0.593653,0.789629,0
q75,nimbus-overview-c,0.163054,0.562638,0.000000,0.572531,0.163054,0.562638,0.391728,0
q75,nimbus-access-control,0.126228,0.558935,0.012445,0.568967,0.126228,0.558935,0.572426,0
q75,nimbus-cert-soc1,0.147780,0.540715,0.000000,0.550372,0.147780,0.540715,0.636310,0
q75,nimbus-backup,0.136950,0.535972,0.012445,0.546642,0.136950,0.535972,0.665513,0
q75,nimbus-subcontractors,0.108698,0.548417,0.000000,0.558822,0.108698,0.548417,0.630834,0
q75,acme-dc-2022,0.180249,0.469931,0.000000,0.479625,0.180249,0.469931,0.000000,0
q75,nimbus-assurance,0.147374,0.394899,0.012445,0.439296,0.165155,0.459298,0.727571,0
q75,acme-iso27001,0.178373,0.439156,0.000000,0.449830,0.178373,0.439156,0.533184,0
q75,nimbus-partners,0.147556,0.426980,0.012445,0.437948,0.147556,0.426980,0.541397,0
q75,nimbus-cert-soc2-2023,0.181105,0.412313,0.000000,0.423591,0.181105,0.412313,0.119768,0
q75,nimbus-dr,0.172055,0.379281,0.011490,0.391090,0.172055,0.379281,0.730309,0
q75,acme-irap,0.151243,0.395470,0.000000,0.407023,0.151243,0.395470,0.740348,0
q75,nimbus-overview-a,0.149189,0.387461,0.000000,0.399080,0.149189,0.387461,0.564213,0
q75,nimbus-cert-soc2-2025,0.158276,0.380270,0.000000,0.391992,0.158276,0.380270,0.770464,0
q75,nimbus-vendor-risk,0.156230,0.378405,0.000000,0.390188,0.156230,0.378405,0.692892,0
q75,nimbus-retention,0.126821,0.374545,0.009962,0.386371,0.126821,0.374545,0.665513,0
q75,nimbus-enc-at-rest,0.121243,0.372649,0.000000,0.384536,0.121243,0.372649,0.711144,0
q75,acme-dc-2025,0.172024,0.019515,0.011490,0.019832,0.172024,0.019515,0.706581,0
q75,granite-sla,0.180395,0.018214,0.000000,0.018535,0.180395,0.018214,0.681028,0
q75,nimbus-hr-onboarding,0.161376,0.018091,0.011490,0.018418,0.161376,0.018091,0.676465,0
q75,nimbus-overview-b,0.151140,0.022233,0.000000,0.022471,0.151140,0.022233,0.634484,0
q75,acme-overview,0.136928,0.022519,0.000000,0.022722,0.136928,0.022519,0.544135,0
q75,nimbus-breach-history,0.121265,0.019609,0.000000,0.019923,0.121265,0.019609,0.759513,0
q75,granite-overview,0.116170,0.018784,0.000000,0.019083,0.116170,0.018784,0.526796,0
q75,nimbus-overview-d,0.105098,0.022194,0.000000,0.022415,0.105098,0.022194,0.185477,0
q75,nimbus-ai-governance,0.103105,0.022734,0.000000,0.022969,0.103105,0.022734,0.789629,0
q75,acme-rfi,0.100824,0.020945,0.000000,0.021227,0.100824,0.020945,0.626271,0
q75,nimbus-insurance-2023,0.079386,0.016376,0.000000,0.016650,0.079386,0.016376,0.000000,0
q76,nimbus-subcontractors,0.211707,7.853518,0.656290,8.035511,0.211707,7.853518,0.630834,0
q76,acme-iso27001,0.211019,4.476258,0.000000,4.588514,0.211019,4.476258,0.533184,0
q76,nimbus-cert-soc1,0.130488,4.286927,0.000000,4.370398,0.130488,4.286927,0.636310,0
q76,acme-overview,0.278078,3.184163,0.000000,3.258974,0.278078,3.184163,0.544135,0
q76,acme-dc-2025,0.174044,2.896589,0.000000,2.986901,0.174044,2.896589,0.706581,0
q76,acme-sla,0.180170,2.191289,0.852451,2.213648,0.180170,2.191289,0.575164,0
q76,nimbus-sla,0.126774,1.762827,0.710813,1.796580,0.126774,1.762827,0.646348,0
q76,nimbus-enc-in-transit,0.117819,1.702432,0.000000,1.734727,0.117819,1.702432,0.711144,0
q76,granite-sla,0.178052,1.614250,0.000000,1.647885,0.178052,1.614250,0.681028,0
q76,granite-overview,0.162060,1.413241,0.000000,1.447581,0.162060,1.413241,0.526796,0
q76,nimbus-overview-c,0.190931,1.342473,0.000000,1.378465,0.190931,1.342473,0.391728,0
q76,nimbus-overview-b,0.201184,1.237156,0.000000,1.274979,0.201184,1.237156,0.634484,0
q76,nimbus-subprocessors,0.162403,1.237156,0.000000,1.274979,0.162403,1.237156,0.756775,0
q76,nimbus-hr-offboarding,0.119011,1.214733,0.000000,1.252848,0.119011,1.214733,0.676465,0
q76,nimbus-cert-soc2-2025,0.133713,1.193109,0.000000,1.231473,0.133713,1.193109,0.770464,0
q76,nimbus-retention,0.080746,0.887346,0.000000,0.899216,0.080746,0.887346,0.665513,0
q76,nimbus-integrations,0.119558,0.825155,0.000000,0.838590,0.119558,0.825155,0.617145,0
q76,nimbus-partners,0.158221,0.779207,0.000000,0.799722,0.158221,0.779207,0.541397,0
q76,nimbus-cert-soc2-2023,0.128925,0.756255,0.000000,0.777241,0.128925,0.756255,0.119768,0
q76,nimbus-access-control,0.109131,0.762415,0.000000,0.776317,0.109131,0.762415,0.572426,0
q76,nimbus-overview-a,0.186057,0.698002,0.000000,0.719904,0.186057,0.698002,0.564213,0
q76,nimbus-breach-history,0.117040,0.723709,0.000000,0.738950,0.117040,0.723709,0.759513,0
q76,nimbus-overview-d,0.125132,0.588759,0.000000,0.603674,0.125132,0.588759,0.185477,0
q76,nimbus-infosec-policy,0.092654,0.562535,0.000000,0.522347,0.109634,0.653237,0.607106,0
q76,nimbus-hr-onboarding,0.104495,0.568224,0.000000,0.583594,0.104495,0.568224,0.676465,0
q76,acme-rfi,0.153924,0.512090,0.000000,0.528359,0.153924,0.512090,0.626271,0
q76,nimbus-dr,0.137712,0.514400,0.000000,0.530642,0.137712,0.514400,0.730309,0
q76,nimbus-model-training,0.142486,0.507532,0.000000,0.523851,0.142486,0.507532,0.789629,0
q76,nimbus-ai-governance,0.076564,0.464153,0.000000,0.480786,0.076564,0.464153,0.789629,0
q76,acme-dc-2022,0.188965,0.000000,0.000000,0.000000,0.188965,0.000000,0.000000,0
q76,nimbus-assurance,0.145715,0.000000,0.000000,0.000000,0.159076,0.000000,0.727571,0
q76,granite-dd,0.151263,0.000000,0.000000,0.000000,0.151263,0.000000,0.614407,0
q76,acme-irap,0.137251,0.000000,0.000000,0.000000,0.137251,0.000000,0.740348,0
q76,nimbus-vendor-risk,0.105700,0.000000,0.000000,0.000000,0.105700,0.000000,0.692892,0
q76,nimbus-insurance-2026,0.100565,0.000000,0.000000,0.000000,0.100565,0.000000,0.849862,0
q76,nimbus-insurance-2023,0.097951,0.000000,0.000000,0.000000,0.097951,0.000000,0.000000,0
q76,nimbus-breach-policy,0.082896,0.000000,0.000000,0.000000,0.082896,0.000000,0.495767,0
q76,nimbus-backup,0.061455,0.000000,0.000000,0.000000,0.061455,0.000000,0.665513,0
q76,nimbus-enc-at-rest,0.056368,0.000000,0.000000,0.000000,0.056368,0.000000,0.711144,0
q77,nimbus-integrations,0.229197,4.276973,0.669864,4.402110,0.229197,4.276973,0.617145,0
q77,granite-sla,0.155062,0.927710,0.736604,0.952360,0.155062,0.927710,0.681028,0
q77,nimbus-overview-a,0.156407,1.206496,0.000000,1.230606,0.156407,1.206496,0.564213,0
q77,nimbus-subprocessors,0.179300,1.173512,0.000000,1.198027,0.179300,1.173512,0.756775,0
q77,nimbus-sla,0.138513,1.123095,0.000000,1.146899,0.138513,1.123095,0.646348,0
q77,nimbus-overview-b,0.140503,1.083798,0.000000,1.108727,0.140503,1.083798,0.634484,0
q77,nimbus-dr,0.147455,1.065191,0.000000,1.090606,0.147455,1.065191,0.730309,0
q77,granite-overview,0.089853,1.058456,0.000000,1.081185,0.089853,1.058456,0.526796,0
q77,nimbus-enc-in-transit,0.164345,0.980804,0.000000,1.005563,0.164345,0.980804,0.711144,0
q77,nimbus-enc-at-rest,0.107482,1.005852,0.000000,1.029764,0.107482,1.005852,0.711144,0
q77,acme-sla,0.156501,0.941932,0.000000,0.966267,0.156501,0.941932,0.575164,0
q77,nimbus-backup,0.096783,0.968301,0.000000,0.993334,0.096783,0.968301,0.665513,0
q77,nimbus-partners,0.130835,0.932403,0.000000,0.956951,0.130835,0.932403,0.541397,0
q77,nimbus-overview-c,0.138425,0.923065,0.000000,0.947813,0.138425,0.923065,0.391728,0
q77,acme-irap,0.209989,0.858574,0.000000,0.884469,0.209989,0.858574,0.740348,0
q77,nimbus-assurance,0.159034,0.671633,0.000000,0.820024,0.218454,0.847867,0.727571,0
q77,nimbus-subcontractors,0.064396,0.891804,0.000000,0.917160,0.064396,0.891804,0.630834,0
q77,nimbus-vendor-risk,0.144025,0.820364,0.000000,0.846743,0.144025,0.820364,0.692892,0
q77,nimbus-cert-soc1,0.193609,0.666571,0.000000,0.684442,0.193609,0.666571,0.636310,0
q77,nimbus-retention,0.068852,0.418791,0.000000,0.423490,0.068852,0.418791,0.665513,0
q77,nimbus-hr-onboarding,0.119764,0.388415,0.000000,0.393675,0.119764,0.388415,0.676465,0
q77,acme-dc-2025,0.128962,0.370616,0.000000,0.376650,0.128962,0.370616,0.706581,0
q77,acme-overview,0.118338,0.360513,0.000000,0.366034,0.118338,0.360513,0.544135,0
q77,nimbus-ai-governance,0.222285,0.298529,0.000000,0.306112,0.222285,0.298529,0.789629,0
q77,nimbus-cert-soc2-2025,0.173950,0.317989,0.000000,0.325052,0.173950,0.317989,0.770464,0
q77,nimbus-access-control,0.103977,0.342437,0.000000,0.348681,0.103977,0.342437,0.572426,0
q77,nimbus-infosec-policy,0.115433,0.321073,0.000000,0.301339,0.144950,0.348747,0.607106,0
q77,nimbus-model-training,0.145483,0.317989,0.000000,0.325052,0.145483,0.317989,0.789629,0
q77,nimbus-hr-offboarding,0.131716,0.321987,0.000000,0.328928,0.131716,0.321987,0.676465,0
q77,acme-dc-2022,0.153653,0.289881,0.000000,0.295861,0.153653,0.289881,0.000000,0
q77,acme-iso27001,0.155468,0.265812,0.000000,0.272478,0.155468,0.265812,0.533184,0
q77,granite-dd,0.111621,0.237468,0.000000,0.244679,0.111621,0.237468,0.614407,0
q77,nimbus-cert-soc2-2023,0.176087,0.000000,0.000000,0.000000,0.176087,0.000000,0.119768,0
q77,acme-rfi,0.175004,0.000000,0.000000,0.000000,0.175004,0.000000,0.626271,0
q77,nimbus-breach-history,0.143734,0.000000,0.000000,0.000000,0.143734,0.000000,0.759513,0
q77,nimbus-breach-policy,0.098037,0.000000,0.000000,0.000000,0.098037,0.000000,0.495767,0
q77,nimbus-insurance-2026,0.094240,0.000000,0.000000,0.000000,0.094240,0.000000,0.849862,0
q77,nimbus-insurance-2023,0.072506,0.000000,0.000000,0.000000,0.072506,0.000000,0.000000,0
q77,nimbus-overview-d,0.062550,0.000000,0.000000,0.000000,0.062550,0.000000,0.185477,0
q78,nimbus-integrations,0.072428,3.570097,0.000000,3.681410,0.072428,3.570097,0.617145,0
q78,nimbus-sla,0.104957,3.405956,0.000000,3.502793,0.104957,3.405956,0.646348,0
q78,granite-dd,0.171535,0.586960,0.000000,0.596190,0.171535,0.586960,0.614407,0
q78,nimbus-infosec-policy,0.089227,0.500896,0.000000,0.583229,0.109425,0.636057,0.607106,0
q78,nimbus-insurance-2026,0.060236,0.617013,0.000000,0.624898,0.060236,0.617013,0.849862,0
q78,nimbus-model-training,0.138041,0.574371,0.000000,0.584115,0.138041,0.574371,0.789629,0
q78,nimbus-enc-in-transit,0.081395,0.600114,0.000000,0.608775,0.081395,0.600114,0.711144,0
q78,nimbus-breach-policy,0.056218,0.608538,0.000000,0.617644,0.056218,0.608538,0.495767,0
q78,nimbus-hr-offboarding,0.060030,0.579899,0.000000,0.589421,0.060030,0.579899,0.676465,0
q78,nimbus-backup,0.151788,0.523111,0.000000,0.533406,0.151788,0.523111,0.665513,0
q78,nimbus-cert-soc1,0.084516,0.540715,0.000000,0.550372,0.084516,0.540715,0.636310,0
q78,nimbus-overview-c,0.078077,0.540715,0.000000,0.550372,0.078077,0.540715,0.391728,0
q78,nimbus-access-control,0.048475,0.537100,0.000000,0.546893,0.048475,0.537100,0.572426,0
q78,nimbus-subcontractors,0.014150,0.528270,0.000000,0.538385,0.014150,0.528270,0.630834,0
q78,acme-dc-2022,0.068620,0.454668,0.000000,0.464047,0.068620,0.454668,0.000000,0
q78,nimbus-assurance,0.104679,0.373495,0.000000,0.417053,0.117967,0.438821,0.727571,0
q78,acme-sla,0.106669,0.410525,0.000000,0.421131,0.106669,0.410525,0.575164,0
q78,acme-iso27001,0.071869,0.416916,0.000000,0.427371,0.071869,0.416916,0.533184,0
q78,nimbus-cert-soc2-2023,0.109453,0.394402,0.000000,0.405347,0.109453,0.394402,0.119768,0
q78,acme-irap,0.136109,0.374195,0.000000,0.385481,0.136109,0.374195,0.740348,0
q78,nimbus-vendor-risk,0.110316,0.357542,0.000000,0.369038,0.110316,0.357542,0.692892,0
q78,nimbus-overview-a,0.093701,0.364022,0.000000,0.375444,0.093701,0.364022,0.564213,0
q78,nimbus-enc-at-rest,0.108753,0.355957,0.000000,0.367471,0.108753,0.355957,0.711144,0
q78,nimbus-subprocessors,0.075440,0.370741,0.000000,0.382076,0.075440,0.370741,0.756775,0
q78,nimbus-partners,0.004630,0.406372,0.000000,0.417071,0.004630,0.406372,0.541397,0
q78,nimbus-dr,0.089667,0.362380,0.000000,0.373822,0.089667,0.362380,0.730309,0
q78,nimbus-cert-soc2-2025,0.087514,0.357542,0.000000,0.369038,0.087514,0.357542,0.770464,0
q78,nimbus-retention,0.069553,0.362380,0.000000,0.373822,0.069553,0.362380,0.665513,0
q78,granite-overview,0.157387,0.000000,0.000000,0.000000,0.157387,0.000000,0.526796,0
q78,granite-sla,0.135555,0.000000,0.000000,0.000000,0.135555,0.000000,0.681028,0
q78,nimbus-breach-history,0.095197,0.000000,0.000000,0.000000,0.095197,0.000000,0.759513,0
q78,acme-dc-2025,0.084704,0.000000,0.000000,0.000000,0.084704,0.000000,0.706581,0
q78,nimbus-overview-b,0.074649,0.000000,0.000000,0.000000,0.074649,0.000000,0.634484,0
q78,acme-rfi,0.069013,0.000000,0.000000,0.000000,0.069013,0.000000,0.626271,0
q78,nimbus-overview-d,0.062746,0.000000,0.000000,0.000000,0.062746,0.000000,0.185477,0
q78,acme-overview,0.061324,0.000000,0.000000,0.000000,0.061324,0.000000,0.544135,0
q78,nimbus-ai-governance,0.048197,0.000000,0.000000,0.000000,0.048197,0.000000,0.789629,0
q78,nimbus-insurance-2023,0.039546,0.000000,0.000000,0.000000,0.039546,0.000000,0.000000,0
q78,nimbus-hr-onboarding,0.037004,0.000000,0.000000,0.000000,0.037004,0.000000,0.676465,0
q79,nimbus-breach-history,0.116079,4.525778,0.000000,4.659027,0.116079,4.525778,0.759513,0
q79,nimbus-subcontractors,0.127587,3.893184,0.161988,3.967726,0.127587,3.893184,0.630834,0
q79,nimbus-cert-soc1,0.116966,3.515524,0.000000,3.578313,0.116966,3.515524,0.636310,0
q79,nimbus-cert-soc2-2023,0.107965,3.438109,0.000000,3.526291,0.107965,3.438109,0.119768,0
q79,acme-dc-2025,0.181251,2.900188,0.000000,2.981656,0.181251,2.900188,0.706581,0
q79,nimbus-ai-governance,0.057789,2.075674,0.000000,2.127054,0.057789,2.075674,0.789629,0
q79,acme-overview,0.145456,2.004832,0.000000,2.048307,0.145456,2.004832,0.544135,0
q79,acme-dc-2022,0.156729,1.929928,0.000000,1.966387,0.156729,1.929928,0.000000,0
q79,nimbus-cert-soc2-2025,0.106453,1.779598,0.000000,1.828532,0.106453,1.779598,0.770464,0
q79,acme-irap,0.057586,1.795710,0.000000,1.843333,0.057586,1.795710,0.740348,0
q79,nimbus-overview-a,0.165170,1.717571,0.000000,1.767359,0.165170,1.717571,0.564213,0
q79,nimbus-enc-at-rest,0.115122,1.646467,0.000000,1.697374,0.115122,1.646467,0.711144,0
q79,nimbus-hr-offboarding,0.170553,1.498783,0.000000,1.543853,0.170553,1.498783,0.676465,0
q79,nimbus-assurance,0.086202,0.898482,0.000000,1.158768,0.100243,1.382028,0.727571,0
q79,nimbus-dr,0.076213,0.542629,0.000000,0.549888,0.076213,0.542629,0.730309,0
q79,nimbus-overview-b,0.153950,0.479031,0.000000,0.487645,0.153950,0.479031,0.634484,0
q79,acme-iso27001,0.162053,0.458849,0.000000,0.466364,0.162053,0.458849,0.533184,0
q79,nimbus-enc-in-transit,0.089418,0.392501,0.175445,0.401724,0.089418,0.392501,0.711144,0
q79,granite-overview,0.100980,0.447820,0.000000,0.455618,0.100980,0.447820,0.526796,0
q79,nimbus-backup,0.075660,0.454088,0.000000,0.463025,0.075660,0.454088,0.665513,0
q79,acme-sla,0.069727,0.454217,0.000000,0.461888,0.069727,0.454217,0.575164,0
q79,granite-sla,0.076898,0.433084,0.000000,0.441369,0.076898,0.433084,0.681028,0
q79,nimbus-insurance-2023,0.091585,0.423432,0.000000,0.430527,0.091585,0.423432,0.000000,0
q79,nimbus-infosec-policy,0.125402,0.280137,0.000000,0.411338,0.137921,0.387966,0.607106,0
q79,nimbus-subprocessors,0.111918,0.406619,0.000000,0.415651,0.111918,0.406619,0.756775,0
q79,nimbus-insurance-2026,0.088896,0.410666,0.000000,0.419386,0.088896,0.410666,0.849862,0
q79,nimbus-sla,0.054655,0.420863,0.000000,0.429513,0.054655,0.420863,0.646348,0
q79,acme-rfi,0.057824,0.417036,0.000000,0.425783,0.057824,0.417036,0.626271,0
q79,nimbus-partners,0.087064,0.352753,0.000000,0.362040,0.087064,0.352753,0.541397,0
q79,nimbus-model-training,0.090880,0.245347,0.150448,0.248714,0.090880,0.245347,0.789629,0
q79,nimbus-overview-d,0.135085,0.261182,0.000000,0.265546,0.135085,0.261182,0.185477,0
q79,nimbus-hr-onboarding,0.140270,0.240504,0.000000,0.243761,0.140270,0.240504,0.676465,0
q79,nimbus-breach-policy,0.081805,0.263203,0.000000,0.266068,0.081805,0.263203,0.495767,0
q79,granite-dd,0.142577,0.231718,0.000000,0.235362,0.142577,0.231718,0.614407,0
q79,nimbus-integrations,0.105600,0.229483,0.000000,0.233219,0.105600,0.229483,0.617145,0
q79,nimbus-overview-c,0.162417,0.190400,0.000000,0.195505,0.162417,0.190400,0.391728,0
q79,nimbus-vendor-risk,0.086849,0.226748,0.000000,0.230595,0.086849,0.226748,0.692892,0
q79,nimbus-access-control,0.131933,0.188512,0.000000,0.193656,0.131933,0.188512,0.572426,0
q79,nimbus-retention,0.095033,0.198747,0.000000,0.203065,0.095033,0.198747,0.665513,0
q80,nimbus-enc-at-rest,0.295989,9.614239,2.496897,9.784788,0.295989,9.614239,0.711144,0
q80,nimbus-subcontractors,0.187008,5.618248,0.000000,5.725820,0.187008,5.618248,0.630834,0
q80,nimbus-overview-a,0.232596,4.461380,0.000000,4.601366,0.232596,4.461380,0.564213,0
q80,acme-dc-2025,0.148711,3.889056,0.000000,4.010313,0.148711,3.889056,0.706581,0
q80,nimbus-cert-soc1,0.177957,3.515524,0.000000,3.578313,0.177957,3.515524,0.636310,0
q80,nimbus-integrations,0.201958,3.284911,0.000000,3.387331,0.201958,3.284911,0.617145,0
q80,nimbus-enc-in-transit,0.225486,1.606617,2.161532,1.652296,0.225486,1.606617,0.711144,0
q80,nimbus-backup,0.215989,1.857927,0.000000,1.911983,0.215989,1.857927,0.665513,0
q80,nimbus-infosec-policy,0.209802,1.736549,0.000000,1.865109,0.244937,1.861153,0.607106,0
q80,acme-dc-2022,0.122900,1.879390,0.000000,1.918160,0.122900,1.879390,0.000000,0
q80,acme-iso27001,0.149612,1.723342,0.000000,1.766560,0.149612,1.723342,0.533184,0
q80,nimbus-ai-governance,0.154824,1.585702,0.000000,1.642526,0.154824,1.585702,0.789629,0
q80,acme-rfi,0.111440,1.491188,0.000000,1.538562,0.111440,1.491188,0.626271,0
q80,nimbus-assurance,0.180424,1.235903,0.000000,0.867099,0.185228,1.235903,0.727571,0
q80,nimbus-overview-b,0.230310,0.000000,0.000000,0.000000,0.230310,0.000000,0.634484,0
q80,nimbus-overview-c,0.229154,0.000000,0.000000,0.000000,0.229154,0.000000,0.391728,0
q80,nimbus-overview-d,0.215666,0.000000,0.000000,0.000000,0.215666,0.000000,0.185477,0
q80,nimbus-breach-history,0.211098,0.000000,0.000000,0.000000,0.211098,0.000000,0.759513,0
q80,nimbus-cert-soc2-2025,0.208619,0.000000,0.000000,0.000000,0.208619,0.000000,0.770464,0
q80,nimbus-hr-onboarding,0.205250,0.000000,0.000000,0.000000,0.205250,0.000000,0.676465,0
q80,nimbus-vendor-risk,0.198953,0.000000,0.000000,0.000000,0.198953,0.000000,0.692892,0
q80,nimbus-subprocessors,0.191011,0.000000,0.000000,0.000000,0.191011,0.000000,0.756775,0
q80,nimbus-partners,0.184304,0.000000,0.000000,0.000000,0.184304,0.000000,0.541397,0
q80,nimbus-model-training,0.184102,0.000000,0.000000,0.000000,0.184102,0.000000,0.789629,0
q80,nimbus-access-control,0.182266,0.000000,0.000000,0.000000,0.182266,0.000000,0.572426,0
q80,nimbus-breach-policy,0.179112,0.000000,0.000000,0.000000,0.179112,0.000000,0.495767,0
q80,nimbus-dr,0.173085,0.000000,0.000000,0.000000,0.173085,0.000000,0.730309,0
q80,nimbus-retention,0.171429,0.000000,0.000000,0.000000,0.171429,0.000000,0.665513,0
q80,nimbus-hr-offboarding,0.164899,0.000000,0.000000,0.000000,0.164899,0.000000,0.676465,0
q80,nimbus-sla,0.163840,0.000000,0.000000,0.000000,0.163840,0.000000,0.646348,0
q80,nimbus-cert-soc2-2023,0.155753,0.000000,0.000000,0.000000,0.155753,0.000000,0.119768,0
q80,nimbus-insurance-2026,0.153094,0.000000,0.000000,0.000000,0.153094,0.000000,0.849862,0
q80,nimbus-insurance-2023,0.150125,0.000000,0.000000,0.000000,0.150125,0.000000,0.000000,0
q80,acme-irap,0.137999,0.000000,0.000000,0.000000,0.137999,0.000000,0.740348,0
q80,granite-dd,0.132152,0.000000,0.000000,0.000000,0.132152,0.000000,0.614407,0
q80,granite-sla,0.112990,0.000000,0.000000,0.000000,0.112990,0.000000,0.681028,0
q80,granite-overview,0.109209,0.000000,0.000000,0.000000,0.109209,0.000000,0.526796,0
q80,acme-sla,0.101768,0.000000,0.000000,0.000000,0.101768,0.000000,0.575164,0
q80,acme-overview,0.095463,0.000000,0.000000,0.000000,0.095463,0.000000,0.544135,0
